Timestamp,Latitude,Longitude,X,Y,Distance,LogDist,Azimuth,RouteID,CellID,Frequency_MHz,RSRP_dBm
2012-12-05 12:10:50,35.512498713333,24.01856394,-539.99758156949,461.389488230145,710.265899470172,2.8514209642885,139.488468994411,1,60564,1858.4,-80
2013-03-19 12:11:18,35.51644795,24.018649816667,-532.215617217122,901.018514000311,1046.46444076286,3.01972447544312,120.569591368735,2,60565,1876.6,-78
2013-03-19 12:08:27,35.51797385,24.0187765,-520.73583794899,1070.881702,1190.77849854742,3.07583098414859,115.932186455435,2,60565,1876.6,-89
2013-03-19 12:11:25,35.516188333333,24.018852433333,-513.854917773811,872.117986629682,1012.2433793922,3.00528494493382,120.506738341765,2,60565,1876.6,-84
2013-03-19 12:08:20,35.5180006,24.018881166667,-511.251163008554,1073.85951200039,1189.34940332575,3.07530945902973,115.458538517573,2,60565,1876.6,-71
2012-09-16 15:48:24,35.518305740847,24.018925139407,-507.266445074146,1107.82779108812,1218.44230926431,3.08580497105763,114.602705664769,2,60565,1876.6,-91
2012-09-21 13:51:43,35.518722183333,24.018951116667,-504.912439983284,1154.18616862957,1259.79454035397,3.10029972189028,113.627544013186,2,60565,1876.6,-88
2012-12-05 12:11:03,35.512497275,24.0189800075,-502.294412987438,461.229373000457,681.932703304945,2.83374151831428,137.440448757553,1,60564,1858.4,-71
2012-12-05 11:28:20,35.51385875,24.019085866667,-492.701676185476,612.788770000006,786.298301126295,2.89558733733195,128.800389317274,1,60565,1876.6,-68
2013-03-19 12:11:31,35.516058183333,24.01901975,-498.693030574145,857.629688630035,992.080350356197,2.99654684786299,120.177070839928,2,60565,1876.6,-84
2013-03-19 12:08:14,35.518018683333,24.018988283333,-501.544474271332,1075.87254862954,1187.03352967249,3.07446298647446,114.993738487692,2,60565,1876.6,-83
2012-09-16 15:48:18,35.518316712471,24.018982090019,-502.105699461559,1109.04915227184,1217.41535869508,3.08543877643329,114.357941207764,2,60565,1876.6,-84
2013-03-13 23:53:48,35.518578602296,24.019133604591,-488.375765134247,1138.20272759138,1238.554131666,3.0929149924076,113.223022254919,2,60565,1876.6,-80
2013-03-13 23:45:08,35.515402026429,24.019264772857,-476.489570597245,784.58630207673,917.942251067236,2.96281536003378,121.270859842414,2,60565,1876.6,-79
2013-03-13 23:45:52,35.516184658889,24.019218044444,-480.724001868415,871.708947524126,995.475793360142,2.99803070390343,118.875552049579,2,60565,1876.6,-77
2013-03-19 12:08:08,35.518033283333,24.01916465,-485.562494957682,1077.49782062955,1181.85129774053,3.07256283641548,114.258182600374,2,60565,1876.6,-83
2012-09-19 15:33:01,35.518323603973,24.019258018564,-477.101630533789,1109.8163142749,1208.02244072232,3.08207500199319,113.262502992622,2,60565,1876.6,-92
2013-03-13 23:53:55,35.518560625483,24.01920009217,-482.350799474677,1136.20154876763,1234.34851366048,3.09143779842492,113.002642968202,2,60565,1876.6,-80
2013-01-20 18:35:17,35.512516651111,24.019433318889,-461.21628090669,463.386321676792,653.794570863468,2.8154413098604,134.865527147709,1,60564,1858.4,-79
2012-12-17 18:13:48,35.514500366667,24.019315666667,-471.877679742331,684.213537370845,831.153842173956,2.91968141683285,124.592644764123,1,60565,1876.6,-77
2012-12-17 18:27:00,35.514944116667,24.019372133333,-466.76078830664,733.6117873711,869.512442734695,2.93927580114305,122.466573879182,2,60565,1876.6,-77
2013-03-19 12:11:37,35.516072183333,24.0193523,-468.558043553935,859.188168630055,978.647510236939,2.99062629555726,118.605831431813,2,60565,1876.6,-75
2013-03-19 12:07:55,35.518082483333,24.019381966667,-465.869712100081,1082.97476463028,1178.92702466193,3.07148692318881,113.276212940636,2,60565,1876.6,-83
2013-03-19 12:10:08,35.518156383333,24.019355683333,-468.251452978087,1091.20131262992,1187.4256725797,3.07460643429795,113.224923620319,2,60565,1876.6,-83
2012-09-19 15:32:42,35.518380304832,24.019465997854,-458.2549812944,1116.12825389858,1206.5404705321,3.08154189386519,112.321854837563,2,60565,1876.6,-82
2012-09-16 15:47:40,35.518410761471,24.019419331359,-462.483801685496,1119.51868695237,1211.28582805919,3.08324663604295,112.44598460824,2,60565,1876.6,-92
2013-03-13 23:54:07,35.518557616748,24.019345006864,-469.218932318697,1135.86661638745,1228.96679233809,3.08954014806207,112.445193739539,2,60565,1876.6,-80
2012-12-05 11:28:14,35.513809316667,24.0195904,-446.981918431823,607.285851370804,754.048367599954,2.87739920410326,126.354263564288,1,60565,1876.6,-61
2012-12-04 15:38:26,35.513936016667,24.019606183333,-445.55166573259,621.390095371105,764.618818407183,2.88344498244815,125.641434679277,1,60565,1876.6,-81
2012-12-04 15:38:39,35.513952016667,24.019615,-444.752717767897,623.171215370563,765.602601633743,2.8840034005698,125.515171257842,1,60565,1876.6,-81
2012-09-16 15:43:43,35.518103558967,24.019572087732,-448.641337942867,1085.32090420664,1174.39367982763,3.06981370535864,112.45883408067,2,60565,1876.6,-87
2012-09-16 15:44:08,35.518131274048,24.019508657196,-454.389280745746,1088.40614702395,1179.44798924589,3.07167879432586,112.659626929542,2,60565,1876.6,-87
2012-09-16 15:47:15,35.518262262271,24.019601974041,-445.933102989599,1102.9877560082,1189.72195165338,3.07544547486121,112.013267191026,2,60565,1876.6,-92
2013-03-13 23:54:26,35.518579984401,24.019535295333,-451.97538836035,1138.35658351971,1224.80098911054,3.08806552841283,111.655156984562,2,60565,1876.6,-77
2012-09-13 16:14:52,35.512495383333,24.019787283333,-429.140761660188,461.018792629531,629.841345479857,2.79923116618364,132.949023380567,1,60564,1858.4,-74
2012-12-05 19:05:01,35.513872733333,24.01974932,-432.580919673073,614.345394630155,751.363105274994,2.87584986577544,125.150643659502,1,60564,1858.4,-70
2012-12-04 15:38:20,35.51397635,24.019666033333,-440.128183630264,625.880002000333,765.139591793297,2.88374067491193,125.115460356463,1,60565,1876.6,-81
2012-12-04 17:34:01,35.5141545,24.01980235,-427.775451738415,645.711659999937,774.554959295903,2.88905223897336,123.523947658423,1,60564,1858.4,-71
2013-03-13 23:44:12,35.515096727692,24.019802109231,-427.797269722532,750.600446673442,863.951118135988,2.93648917103866,119.680548337318,2,60565,1876.6,-76
2013-03-19 12:11:44,35.516125183333,24.019700366667,-437.016968551522,865.088128630188,969.206531704591,2.98641633228522,116.801557157532,2,60565,1876.6,-83
2012-09-16 15:43:37,35.517907008544,24.019729219884,-434.402350239186,1063.44091111844,1148.74364996449,3.06022312370385,112.219402489386,2,60565,1876.6,-87
2012-09-16 15:44:14,35.518019424288,24.019694548652,-437.544184929328,1075.95503174039,1161.51803433823,3.06502595727252,112.129440430261,2,60565,1876.6,-87
2012-09-16 15:46:57,35.518135765235,24.019689887661,-437.966554207252,1088.9061059607,1173.6827553486,3.06955072364041,111.910377200385,2,60565,1876.6,-92
2013-03-13 23:54:38,35.518630449155,24.019664384079,-440.27763558593,1143.97431993465,1225.77389475673,3.08841036796745,111.050054317575,2,60565,1876.6,-77
2012-12-04 17:37:15,35.513742666667,24.01988645,-420.154485241816,599.866373370712,732.372485399162,2.86473201986808,125.007916313161,1,60565,1876.6,-91
2012-12-05 18:57:29,35.51392198,24.019913615714,-417.692784929905,619.827533600238,747.431223586127,2.87357123633931,123.975458616293,1,60569,1876.6,-52
2012-12-04 17:29:02,35.514003536,24.019815434,-426.589806962454,628.906347519995,759.935561317672,2.88077676787207,124.149208885503,1,60565,1876.6,-63
2012-12-04 15:55:52,35.5141721425,24.0198198625,-426.188505534161,647.675623100483,775.319518010505,2.88948071710193,123.346024252052,1,60565,1876.6,-55
2012-12-17 18:21:48,35.51502883,24.019955863333,-413.864393860362,743.042075600163,850.526462032548,2.92968783016015,119.117215883068,2,60565,1876.6,-89
2012-09-16 17:20:05,35.516251994671,24.019856330758,-422.883828097851,879.20476677627,975.618651927487,2.98928009458527,115.686831258515,2,60565,1876.6,-81
2013-03-19 12:10:53,35.517020016667,24.019873933333,-421.28871948524,964.700975370447,1052.67856302207,3.02229577895671,113.591083443685,2,60565,1876.6,-74
2012-09-16 15:43:24,35.517444455862,24.01993042202,-416.169832552311,1011.94954655796,1094.18426889874,3.039090466629,112.355185560404,2,60565,1876.6,-87
2012-09-16 15:43:30,35.517660224017,24.019830462444,-425.227960729486,1035.96885757275,1119.84386967414,3.04915747689732,112.316386714083,2,60565,1876.6,-87
2012-09-16 15:46:13,35.517775621002,24.019869817043,-421.661729095021,1048.8148499432,1130.40311537291,3.0532333457508,111.901921710718,2,60565,1876.6,-73
2012-09-16 15:44:20,35.517882927316,24.019827316645,-425.513026469989,1060.76018881766,1142.92323183849,3.05801706057148,111.857680576043,2,60565,1876.6,-87
2013-03-13 23:54:57,35.518624496511,24.019855822301,-422.929903410045,1143.31167160507,1219.02882723372,3.08601397580747,110.300267755559,2,60565,1876.6,-77
2012-12-13 18:12:15,35.510369833333,24.020089383333,-401.765090095622,224.402566630059,460.186592079453,2.66293396098466,150.814819309314,1,60564,1858.4,-78
2012-09-13 16:14:58,35.512499883333,24.020117083333,-399.254973901172,461.519732629848,610.249946982015,2.7855077503581,130.862674581514,1,60564,1858.4,-74
2013-03-12 23:47:01,35.513642741906,24.019981930405,-411.50225019368,588.742748975912,718.298076279044,2.85630470332246,124.951657126384,1,60565,1876.6,-64
2012-12-12 11:32:05,35.513729466667,24.019988216667,-410.932602249705,598.396949370941,725.909438296654,2.86088244315011,124.478259220796,1,60565,1876.6,-77
2012-12-04 15:38:07,35.513901183333,24.01998695,-411.047384969804,617.512448629594,741.809663527667,2.87029248656796,123.64973555954,1,60565,1876.6,-81
2013-01-23 18:25:47,35.513951923,24.019980403,-411.640660447065,623.160788360377,746.844964824175,2.87323045735839,123.447511966806,1,60565,1876.6,-54
2012-12-17 18:20:54,35.515021465,24.0200675075,-403.747432430882,742.222203799955,844.929458007112,2.92682045181703,118.54491321742,2,60565,1876.6,-88
2012-09-16 15:43:18,35.517313112249,24.020081549114,-402.475010672745,997.328375558906,1075.47664917049,3.03160098539155,111.976694760134,2,60565,1876.6,-87
2012-09-16 15:44:33,35.517526633102,24.020046354269,-405.664294080576,1021.0975169151,1098.72820048548,3.04089027146951,111.667064400882,2,60565,1876.6,-87
2012-09-19 17:40:35,35.517790756707,24.020005906704,-409.329568012985,1050.49975662365,1127.4308998409,3.05208993348798,111.288486196705,2,60565,1876.6,-83
2013-03-13 23:55:16,35.518522084345,24.019995523879,-410.270437947124,1131.91114928585,1203.97038258046,3.08061580349981,109.923462047411,2,60565,1876.6,-77
2012-11-18 16:42:48,35.51853845,24.0201294,-398.138863240913,1133.73297400046,1201.60934199044,3.07976329612408,109.350008142005,2,60565,1876.6,-84
2012-12-13 18:12:21,35.510643666667,24.020226183333,-389.368559575928,254.885693370839,465.375753420143,2.66780375232813,146.790723286138,1,60564,1858.4,-78
2012-12-13 18:12:28,35.5108921,24.020298516667,-382.813863797271,282.541292000271,475.789907417736,2.67741522542871,143.570284968254,1,60564,1858.4,-73
2012-12-12 12:25:52,35.513043233333,24.020252633333,-386.971715772958,522.005454629953,649.797509591789,2.81277804253895,126.550182886801,1,60564,1858.4,-73
2012-12-05 11:28:08,35.513789083333,24.020159133333,-395.444490653195,605.033476630094,722.80139252153,2.85901898058485,123.168273112,1,60565,1876.6,-61
2013-04-01 18:32:35,35.51416142,24.020266293333,-385.733875079531,646.481994400396,752.814446904272,2.87668794483817,120.823094222792,1,60561,1861.6,-71
2012-09-16 17:20:11,35.516466201983,24.020298488876,-382.81638215967,903.050324747931,980.840594325684,2.99159843181424,112.972805800059,2,60565,1876.6,-81
2013-03-19 12:10:47,35.51710205,24.020219583333,-389.966637802984,973.832926000137,1049.01122318179,3.02078013465671,111.823391625749,2,60565,1876.6,-73
2012-09-19 15:30:17,35.517292424091,24.020143387757,-396.871321891783,995.025369810835,1071.2526932089,3.02989192678124,111.744856028039,2,60565,1876.6,-86
2012-09-19 15:30:11,35.517357671555,24.020284055874,-384.124270681542,1002.28871750259,1073.3751108348,3.03075152075125,110.969186810926,2,60565,1876.6,-86
2012-09-19 17:40:42,35.517573146697,24.020146674982,-396.57344042199,1026.27541031075,1100.23257153051,3.04148449775479,111.12753371357,2,60565,1876.6,-83
2012-12-02 16:02:07,35.51841645,24.020219716667,-389.954555354004,1120.15193399994,1186.08807029038,3.07411693778125,109.194360560908,2,60565,1876.6,-84
2012-12-13 17:51:15,35.510607793333,24.020458746667,-368.294155572445,250.892273830032,445.631594589549,2.64897597406306,145.736215005091,1,60564,1858.4,-97
2012-09-13 16:15:04,35.512678383333,24.020386016667,-374.884796396205,481.390352629511,610.143656997095,2.78543210074162,127.90982789351,1,60564,1858.4,-74
2012-12-12 12:25:58,35.51335005,24.02035905,-377.328459484578,556.160286000288,672.079630743952,2.82742073308928,124.155037240564,1,60564,1858.4,-84
2013-03-01 10:41:22,35.514050106667,24.020460166667,-368.165478135741,634.090594170742,733.223499968954,2.86523637574366,120.140293704039,1,60565,1876.6,-81
2012-09-18 15:05:40,35.516551222111,24.02038806042,-374.699595764365,912.514765396599,986.44968656936,2.99407493915483,112.324183310507,2,60565,1876.6,-69
2012-09-18 15:05:47,35.516819156536,24.020349298274,-378.212140544448,942.341225588051,1015.40701627377,3.00664015997311,111.868241602851,2,60565,1876.6,-88
2012-09-18 15:05:53,35.517076258549,24.020306826257,-382.060866092525,970.961821674642,1043.42578296164,3.01846156389836,111.478993334865,2,60565,1876.6,-88
2012-09-16 15:43:12,35.517446336558,24.020393532661,-374.203712704669,1012.15890563715,1079.11726372186,3.03306864043843,110.28977984167,2,60565,1876.6,-87
2012-09-15 12:41:25,35.517931916667,24.020423616667,-371.477562861654,1066.21368337106,1129.07360181581,3.05272225354639,109.208754350436,2,60565,1876.6,-92
2013-03-13 23:55:47,35.518473535585,24.020353054606,-377.871749577236,1126.50670132278,1188.19375829605,3.07488726665311,108.54334562979,2,60565,1876.6,-77
2012-12-13 17:49:21,35.510501056,24.020480682,-366.306421471711,239.010273920603,437.385762743842,2.6408646422992,146.876063779924,1,60564,1858.4,-89
2012-09-13 16:15:11,35.512979183333,24.02061795,-353.867481768692,514.875408630078,624.755056854529,2.7957097800528,124.500258284257,1,60564,1858.4,-74
2012-09-13 16:15:23,35.513491166667,24.0206271,-353.038327863286,571.869393371,672.064479060619,2.82741094203725,121.688727545726,1,60564,1858.4,-68
2013-03-01 10:41:41,35.51396018,24.020482892222,-366.106135766452,624.079957600101,723.539560856203,2.85946228195379,120.397308902397,1,60565,1876.6,-81
2013-03-01 10:40:57,35.5141413675,24.0204685775,-367.403306001313,644.24975010059,741.64879138671,2.87019829332223,119.695284903001,1,60565,1876.6,-82
2013-03-22 17:09:23,35.517296046667,24.02059022,-356.38031650044,995.428634970668,1057.30085468069,3.0241985832737,109.698227847187,2,60565,1876.6,-85
2012-09-19 15:30:05,35.517427204355,24.020589658528,-356.431195921335,1010.02910879913,1071.0751598499,3.02981994736106,109.43752947372,2,60565,1876.6,-86
2012-10-30 18:45:57,35.518457183333,24.0205933,-356.101213327685,1124.68636862969,1179.71500876902,3.07177710470632,107.568968243509,2,60565,1876.6,-75
2012-09-13 16:15:17,35.513221683333,24.020673733333,-348.812512543368,541.870508629946,644.43294222882,2.80917773265117,122.770166239491,1,60564,1858.4,-74
2012-12-05 11:28:01,35.51389115,24.020699033333,-346.519879340458,616.395538000234,707.120559766666,2.84949346468481,119.343444955314,1,60565,1876.6,-61
2012-09-16 15:21:56,35.514211539092,24.020766305933,-340.423776715663,652.06125172205,735.576116897961,2.8666276198757,117.567859792575,1,60565,1876.6,-72
2012-09-18 15:05:34,35.516229781793,24.020714416504,-345.125888486708,876.732029197202,942.215967771711,2.97415045997055,111.487097758986,2,60565,1876.6,-69
2012-09-16 17:20:17,35.516824373945,24.020656264663,-350.39548696424,942.922027557628,1005.92193898846,3.00256428014145,110.385368365564,2,60565,1876.6,-81
2012-09-16 15:42:59,35.517190272291,24.020776653351,-339.486115290135,983.653831434816,1040.58910361928,3.01727927393096,109.040968932245,2,60565,1876.6,-78
2013-03-13 23:58:11,35.517430974385,24.020758243571,-341.154371135472,1010.44878853856,1066.48631458818,3.02795528684877,108.656049497173,2,60565,1876.6,-76
2012-09-16 15:43:05,35.51747550674,24.020711852374,-345.358244596357,1015.40613029696,1072.53061800367,3.03040969902948,108.784110648294,2,60565,1876.6,-87
2013-03-13 23:57:52,35.517690008773,24.020794486057,-337.870152686508,1039.28449661089,1092.82592619875,3.03855098966056,108.009281975615,2,60565,1876.6,-76
2012-09-15 12:41:19,35.517836316667,24.020742833333,-342.550814744215,1055.57149137088,1109.76224213877,3.04522994456381,107.979124116353,2,60565,1876.6,-93
2013-03-12 23:25:01,35.517898150495,24.020795074626,-337.816817791841,1062.45483310375,1114.86791808201,3.04722341819498,107.638517932071,2,60565,1876.6,-70
2013-03-12 23:25:14,35.518051032971,24.020737693154,-343.01660703834,1079.47371033224,1132.66229918831,3.05410044520294,107.628321602979,2,60565,1876.6,-70
2013-03-13 23:56:44,35.518241820578,24.020691679542,-347.186264534513,1100.71218674308,1154.16880062067,3.06226933032491,107.506299003538,2,60565,1876.6,-76
2013-03-13 23:56:25,35.518359567578,24.020713331521,-345.224207381766,1113.81978278358,1166.09359053312,3.06673340824541,107.22062380974,2,60565,1876.6,-77
2012-11-18 16:41:55,35.518484916667,24.020779266667,-339.249302047875,1127.77364337067,1177.69413670168,3.07103251286986,106.741985288784,2,60565,1876.6,-78
2012-12-12 11:31:52,35.51399035,24.02090635,-327.733275614379,627.438482000354,707.875800292564,2.84995706562869,117.579654882357,1,60561,1861.6,-77
2012-09-16 15:21:44,35.514258726758,24.020867448407,-331.258456790574,657.31418270102,736.066640987881,2.86691713567326,116.746165409529,1,60565,1876.6,-72
2013-03-13 23:59:58,35.51662528952,24.020932958975,-325.322025828802,920.759949366759,976.541501856031,2.98969070501666,109.459284623931,2,60565,1876.6,-77
2013-03-13 23:59:45,35.516732043825,24.020898831419,-328.414593734532,932.643838599502,988.777363745465,2.99509851547839,109.398844145773,2,60565,1876.6,-77
2012-09-16 15:42:53,35.516810311959,24.020884347676,-329.727080300002,941.356647276051,997.432847290469,2.99888366623055,109.303722985691,2,60565,1876.6,-78
2013-03-13 23:59:20,35.517003227316,24.020909103405,-327.483767799287,962.831984817804,1017.0010074529,3.00732138314007,108.784481563703,2,60565,1876.6,-77
2013-03-13 23:59:14,35.517080959049,24.020886107823,-329.567579451961,971.485081334631,1025.86453914812,3.01109001790598,108.739043421258,2,60565,1876.6,-77
2013-03-09 17:34:57,35.517862560194,24.020851271871,-332.724340725027,1058.49292079607,1109.55520380299,3.04514891459921,107.449904629439,2,60565,1876.6,-78
2012-11-18 16:41:48,35.518471366667,24.020866166667,-331.374605394695,1126.26525737084,1174.00279346392,3.06966913028853,106.395164335812,2,60565,1876.6,-78
2012-12-04 17:40:13,35.513514683333,24.021074133333,-312.529100115808,574.487268629858,653.995458881017,2.81557473274359,118.546808397844,1,60565,1876.6,-82
2012-12-05 11:27:55,35.514059233333,24.021046966667,-314.990886695914,635.106574629942,708.928501218322,2.85060243674563,116.379820473544,1,60565,1876.6,-61
2012-09-16 15:22:02,35.514138752077,24.021099020896,-310.273841093155,643.958601212236,714.809440719637,2.85419027973927,115.72582051528,1,60565,1876.6,-72
2012-09-18 15:05:28,35.515928492258,24.020978400775,-321.204184742663,843.19247816072,902.30021806659,2.95535106232732,110.853746116922,2,60565,1876.6,-69
2012-09-16 15:42:47,35.516383046224,24.021126631347,-307.771839642311,893.793425656004,945.298996626309,2.97556919691843,109.000807061668,2,60565,1876.6,-78
2012-12-08 21:30:56,35.516607416667,24.02112275,-308.123559207545,918.77034337077,969.060922541183,2.98635108096383,108.539658239918,2,60565,1876.6,-85
2012-12-08 21:30:43,35.516923316667,24.021027066667,-316.79418316786,953.936331370416,1005.16321002981,3.00223658460275,108.370890302219,2,60565,1876.6,-77
2012-09-18 15:06:06,35.517773352562,24.021090591835,-311.037665010623,1048.56232720247,1093.72180333187,3.03890686985645,106.522068189967,2,60565,1876.6,-92
2013-03-09 17:35:09,35.517897923697,24.021024947738,-316.986196091989,1062.4295859503,1108.70955331655,3.04481778969044,106.612984258915,2,60565,1876.6,-91
2012-09-22 18:59:34,35.518018733333,24.0211132,-308.988960278315,1075.87811463,1119.36941851816,3.04897343768753,106.023906480195,2,60565,1876.6,-100
2013-03-19 12:12:41,35.518217516667,24.020994366667,-319.757388927911,1098.00667537084,1143.61857580791,3.05828120099284,106.23641824045,2,60565,1876.6,-91
2013-02-12 15:15:38,35.518381688311,24.021017385865,-317.671437242616,1116.28226278114,1160.60382225786,3.06468399650834,105.885284990778,2,60565,1876.6,-87
2012-10-12 21:23:54,35.518394033333,24.021049266667,-314.782465495796,1117.6565106302,1161.13912876007,3.06488426042132,105.72961315075,2,60565,1876.6,-81
2012-12-13 17:47:28,35.51049775,24.021231483333,-298.270371480572,238.64225000021,381.988662120122,2.5820504727239,141.337152017942,1,60563,1869.4,-90
2012-12-05 12:14:42,35.514109633333,24.021202166667,-300.926986574308,640.717102629857,707.866835535535,2.84995156555486,115.158137411401,1,60565,1876.6,-64
2012-09-18 15:05:22,35.515591087817,24.021202972732,-300.853942646173,805.632615788817,859.975003374213,2.93448582792448,110.47754955931,2,60565,1876.6,-69
2012-09-19 15:29:27,35.516175200902,24.021292058395,-292.781185772757,870.656084410714,918.565642762616,2.9631101974093,108.586582805006,2,60561,1861.6,-76
2012-09-19 15:29:33,35.51633720136,24.021178537915,-303.068174771054,888.689975395802,938.946319513554,2.97264076393229,108.830813996078,2,60561,1861.6,-83
2013-03-12 23:23:01,35.51653254164,24.021175378138,-303.354507168675,910.435255364748,959.643846033842,2.98211008262169,108.427930317,2,60565,1876.6,-70
2013-03-12 23:23:14,35.516664830584,24.02113058437,-307.41362494735,925.161660611035,974.898576810859,2.98895943639337,108.380665932467,2,60565,1876.6,-70
2012-12-13 17:35:15,35.517715066667,24.02118125,-302.822411287799,1042.07394137095,1085.18178756489,3.0355024964548,106.203647728672,2,60565,1876.6,-94
2012-09-13 23:19:50,35.517787266667,24.021270116667,-294.769499375214,1050.11124537074,1090.69825589666,3.03770461866862,105.679596472077,2,60565,1876.6,-100
2012-10-12 21:23:48,35.51839165,24.021159,-304.838659855574,1117.39119800011,1158.22696303905,3.06379367090885,105.259681534895,2,60565,1876.6,-81
2013-04-06 15:48:18,35.518430122836,24.021247280411,-296.838873238301,1121.67399410399,1160.28697558603,3.06456541724371,104.822907790514,2,60565,1876.6,-96
2012-10-27 12:49:10,35.51398745,24.021363366667,-286.319378973531,627.115654000536,689.385835558222,2.83846235594733,114.539803842448,1,60565,1876.6,-76
2012-09-16 15:22:08,35.514134655617,24.021315740098,-290.63519926705,643.502583284678,706.090924560748,2.84886062951132,114.306111852593,1,60565,1876.6,-72
2012-09-16 15:22:15,35.51422773862,24.021427095588,-280.544397144934,653.864583178803,711.508293630513,2.8521799667632,113.222032820397,1,60565,1876.6,-72
2012-09-18 15:05:16,35.515235455481,24.021417405948,-281.422452100856,766.043624144963,816.10136051817,2.91174410186652,110.171883900486,2,60565,1876.6,-69
2012-09-15 12:38:25,35.515789083333,24.021392616667,-283.668805013658,827.673476629575,874.935068935955,2.94197582416613,108.918142664946,2,60561,1861.6,-68
2012-09-16 15:42:40,35.516053900912,24.021354300818,-287.140907290852,857.152969524014,903.969642080778,2.95615384585348,108.520528695226,2,60565,1876.6,-78
2013-03-23 15:33:12,35.516109466553,24.021377563477,-285.0328936779,863.338536679981,909.173899424708,2.95864695950066,108.27074023336,2,60565,1876.6,-80
2012-09-14 00:01:50,35.517846783333,24.021327816667,-289.540845786196,1056.73664062977,1095.68527827477,3.03968582646879,105.322718360944,2,60565,1876.6,-83
2012-10-12 21:17:01,35.517856133333,24.021330516667,-289.296177420714,1057.77748262967,1096.62458527456,3.0400579781236,105.296018933154,2,60565,1876.6,-91
2012-09-22 18:59:46,35.51807855,24.0214494,-278.523217875085,1082.53690600015,1117.79306481472,3.04836141077099,104.428546465799,2,60565,1876.6,-100
2013-04-06 15:48:12,35.51844776585,24.021300540194,-292.012582847567,1123.63801442217,1160.96241799462,3.06481816123579,104.567849221079,2,60565,1876.6,-96
2012-12-13 17:47:21,35.510508233333,24.021579783333,-266.708152328544,239.80925462976,358.666582112952,2.55469091422814,138.039869729479,1,60563,1869.4,-90
2012-09-24 12:34:14,35.511636605556,24.021582934444,-266.422605225389,365.419650494169,452.230611018719,2.65535995594514,126.095292344917,1,60563,1869.4,-84
2012-09-24 12:35:29,35.511689231667,24.021542303333,-270.104511713583,371.277989170651,459.133741398554,2.66193920991859,126.035866658184,1,60563,1869.4,-71
2012-09-18 01:37:51,35.514076128965,24.021589050482,-265.868382625245,636.987396384296,690.24556502176,2.83900362488354,112.654878986855,1,60561,1861.6,-68
2012-12-05 12:14:54,35.514159516667,24.021576633333,-266.993598754779,646.270115370776,699.250058131842,2.84463251114844,112.44699004947,1,60565,1876.6,-82
2012-09-16 15:22:21,35.514258404491,24.021550427665,-269.368301701794,657.278307938706,710.333763838153,2.8514624582031,112.284986532123,1,60565,1876.6,-73
2012-12-13 17:34:28,35.515057183333,24.021611566667,-263.828012928152,746.198368629784,791.465239761905,2.89843184590577,109.471701785838,2,60565,1876.6,-71
2013-03-14 00:02:03,35.515652016492,24.021559719236,-268.526318928104,812.415195889565,855.642936317106,2.93229256942185,108.290189091295,2,60565,1876.6,-70
2012-09-19 15:29:21,35.515796103487,24.021591487522,-265.647543146246,828.454960172992,870.003585173573,2.93952104229436,107.778665130723,2,60561,1861.6,-76
2013-03-14 00:01:38,35.515868362733,24.021465194325,-277.091969104055,836.498859438115,881.198219008204,2.94507361072602,108.327558457286,2,60565,1876.6,-70
2012-12-13 17:35:21,35.517781833333,24.021560866667,-268.422341125394,1049.50640662951,1083.28862763883,3.03474418394809,104.346460421737,2,60565,1876.6,-94
2013-03-19 12:12:47,35.518099816667,24.021529816667,-271.2360273286,1084.90431137038,1118.29618051348,3.04855684158922,104.036738008544,2,60565,1876.6,-91
2012-11-18 18:38:16,35.51840105,24.02154325,-270.018726725518,1118.43760600048,1150.57063724856,3.06091328656447,103.572904556403,2,60565,1876.6,-77
2012-09-24 12:33:05,35.511642777638,24.021701257527,-255.700414366024,366.106726662723,446.561123716172,2.64988091199461,124.931655481301,1,60563,1869.4,-75
2012-09-24 12:32:53,35.511728955939,24.021767398111,-249.706892669054,375.700095129672,451.114280118551,2.65428657499957,123.609769206869,1,60563,1869.4,-75
2012-12-04 10:22:15,35.511875253376,24.021761996641,-250.196362608281,391.985925816352,465.028156029844,2.66747924888609,122.549232899831,1,60563,1869.4,-70
2012-09-18 01:38:16,35.514046219118,24.021655715828,-259.827308090844,633.657832216155,684.859458837075,2.83560145833361,112.295765356111,1,60561,1861.6,-68
2012-12-12 12:27:58,35.514165566667,24.0216312,-262.048881263378,646.943601371132,698.001174444885,2.84385615336027,112.050741422539,1,60565,1876.6,-62
2012-12-05 11:27:30,35.514367066667,24.0217898,-247.676880236983,669.374581370659,713.726955627339,2.85353209924977,110.305097486043,1,60561,1861.6,-69
2012-10-12 21:16:01,35.515258283333,24.02178405,-248.197933237601,768.584820629582,807.666292824965,2.90723195839751,107.896746224546,2,60561,1861.6,-77
2013-03-14 00:02:40,35.515335399034,24.021741532755,-252.050757252574,777.169340465297,817.020053603864,2.91223271633978,107.968861973092,2,60561,1861.6,-68
2013-01-13 23:36:49,35.51548577,24.02173036,-253.063208995061,793.908636400097,833.265810349578,2.92078356269553,107.679997479577,2,60565,1876.6,-69
2013-01-18 21:05:32,35.515577096,24.021645558,-260.747789266485,804.075046720462,845.296451173121,2.9270090456713,107.966992251216,2,60565,1876.6,-72
2012-12-13 18:15:21,35.5157802,24.0216281,-262.329796794224,826.684584000525,867.308666917505,2.93817368626769,107.605667213998,2,60565,1876.6,-69
2012-09-18 15:06:12,35.517860271701,24.021639300964,-261.314788811224,1058.23816575526,1090.02451087694,3.03743626382954,103.870779248194,2,60565,1876.6,-92
2013-01-12 01:04:00,35.518020733333,24.021675333333,-258.049610726421,1076.10075463023,1106.60852866396,3.04399401301117,103.484930447333,2,60569,1876.6,-96
2012-11-18 16:40:48,35.518441,24.021750866667,-251.204937625819,1122.88484000064,1150.64081475969,3.06093977496545,102.610226361185,2,60565,1876.6,-77
2012-10-25 14:30:37,35.518603316667,24.021663133333,-259.155149266963,1140.95393137045,1170.01592506311,3.06819177295981,102.796980853433,2,60565,1876.6,-88
2012-11-06 10:07:36,35.508359505,24.0218415175,-242.990348313364,0.612816600477686,242.991121067491,2.38559040470184,179.855501543063,1,60563,1869.4,-85
2012-11-06 09:52:05,35.5096906,24.02190825,-236.943188423812,148.790312000212,279.786760740323,2.44682716021494,147.872915049586,1,60563,1869.4,-94
2012-11-06 09:51:58,35.510023683333,24.021895816667,-238.069871113645,185.869148630214,302.034110564665,2.48005599326661,142.01964533829,1,60563,1869.4,-94
2012-11-06 09:51:52,35.51045995,24.02188725,-238.846164600106,234.434354000077,334.674403980368,2.52462249862859,135.534082422778,1,60563,1869.4,-94
2012-09-24 12:32:40,35.511877888927,24.021866885997,-240.691508055411,392.279315354327,460.234139655944,2.66297883100856,121.532102647442,1,60563,1869.4,-75
2012-09-24 12:32:34,35.511984310598,24.021910274985,-236.759688508848,404.126175769954,468.372838714261,2.67059170207381,120.364154754808,1,60563,1869.4,-75
2012-09-24 12:32:28,35.51207493901,24.021941675702,-233.914221062803,414.214930593389,475.699349949003,2.67733255794974,119.454156550979,1,60563,1869.4,-75
2013-03-14 10:17:32,35.513106434167,24.021892046667,-238.4115006465,529.040971470736,580.279581869995,2.76363728943891,114.258635275835,1,60564,1858.4,-72
2012-09-19 00:52:05,35.51396695809,24.021844900006,-242.683832678592,624.834494579339,670.308576895588,2.82627477641983,111.226019790319,1,60561,1861.6,-65
2012-10-27 12:49:48,35.514298166667,24.02191395,-236.426666318905,661.704633370407,702.673886216455,2.84675381395727,109.661778122174,1,60565,1876.6,-76
2013-03-12 23:17:14,35.514479044204,24.021801792702,-246.590126608693,681.839920789819,725.06025137471,2.86037409726385,109.882725985858,1,60561,1861.6,-82
2012-12-13 17:34:22,35.514735633333,24.021918283333,-236.033988725196,710.403422629512,748.588716664399,2.87424327678946,108.379245361131,1,60565,1876.6,-71
2013-03-14 11:29:26,35.515120474912,24.021910709952,-236.72027270708,753.243987204458,789.565064937769,2.89738792431153,107.446250259678,2,60565,1876.6,-59
2013-03-12 23:19:01,35.515273593607,24.021912004388,-236.602973618031,770.289160331426,805.807891279918,2.90623151612079,107.074928487464,2,60561,1861.6,-65
2012-12-13 18:15:15,35.515324466667,24.021894116667,-238.2239215662,775.95234937114,811.697409938563,2.9093941601704,107.06692822214,2,60565,1876.6,-69
2012-09-19 15:29:14,35.515447392932,24.02180608584,-246.201091402104,789.636501190939,827.128032060729,2.91757273967804,107.316977967248,2,60561,1861.6,-76
2013-02-12 13:37:36,35.518072467724,24.02193107352,-234.874968670369,1081.85982703562,1107.06230008136,3.04417206154741,102.248997293033,2,60565,1876.6,-79
2013-02-12 13:37:43,35.518123753099,24.021906838272,-237.071116269141,1087.56891498073,1113.10774815444,3.0465372058118,102.297120505274,2,60565,1876.6,-79
2012-10-25 14:30:43,35.518306233333,24.021849033333,-242.30927921116,1107.88261462988,1134.07128285261,3.05464035330167,102.337110963293,2,60565,1876.6,-88
2012-10-12 21:23:01,35.518403133333,24.021888933333,-238.693624476491,1118.66952263017,1143.85145330473,3.05836962830414,102.04473679769,2,60565,1876.6,-78
2012-11-17 15:44:43,35.5080502,24.022095266667,-219.996128334721,-33.8190159997242,222.580372731867,2.34748686534433,-171.260590680353,1,60563,1869.4,-81
2012-11-06 12:19:35,35.5090302,24.021964116667,-231.880667645219,75.2745840001006,243.792754248318,2.38702079383062,162.015201775417,1,60563,1869.4,-82
2012-11-06 12:19:22,35.509104083333,24.021998833333,-228.734715820519,83.499276629866,243.498869441327,2.38649694913779,159.945463144586,1,60563,1869.4,-82
2012-11-17 15:44:02,35.510276233333,24.021960483333,-232.209912790087,213.983014630105,315.76917859121,2.49936973738537,137.33922136456,1,60563,1869.4,-94
2012-09-27 19:18:10,35.510467066667,24.021963483333,-231.938059050662,235.226581370484,330.343469466907,2.51896572569702,134.596683221767,1,60563,1869.4,-83
2012-12-04 10:21:57,35.512008234113,24.021996864005,-228.913172214218,406.789341459176,466.774901572446,2.66910749604164,119.367828005023,1,60563,1869.4,-70
2012-09-24 12:32:21,35.51214894398,24.021962363151,-232.03956760574,422.453163854097,481.98447753532,2.68303305187099,118.778538271273,1,60563,1869.4,-75
2012-09-24 12:32:03,35.512299437806,24.022053300264,-223.799036197215,439.20613656424,492.938169549172,2.69279244806499,117.001277162388,1,60563,1869.4,-75
2012-09-24 12:20:26,35.51235367147,24.022003465993,-228.314913839155,445.243428040983,500.369273731978,2.69929063303905,117.148148323997,1,60563,1869.4,-75
2012-09-24 12:20:33,35.512598202182,24.021960200729,-232.235521774714,472.464586900333,526.456193285705,2.7213622391382,116.175989850547,1,60563,1869.4,-75
2012-09-16 15:22:52,35.514058619535,24.022083987874,-221.018189019297,635.038246636485,672.400635461115,2.82762811520337,109.189898806207,1,60565,1876.6,-71
2013-01-05 16:39:32,35.5144261,24.02208965,-220.505098977146,675.946172000485,711.003323562577,2.85187163083035,108.067203929848,1,60565,1876.6,-83
2012-10-12 21:15:54,35.514853733333,24.0219904,-229.498926858,723.550314629699,759.074973391766,2.88028467302629,107.598219082071,1,60561,1861.6,-77
2013-03-14 00:03:36,35.514978916497,24.022048879672,-224.19962101941,737.48570444639,770.811672412941,2.88694828256119,106.909553926751,2,60565,1876.6,-56
2012-09-19 15:29:08,35.515111861893,24.021979130158,-230.520176421479,752.285185928758,786.811637372793,2.89587077474681,107.03645661989,2,60561,1861.6,-76
2013-03-14 00:03:11,35.515189935412,24.021967948154,-231.533466289026,760.976330064533,795.419839412053,2.90059641898555,106.922825343963,2,60565,1876.6,-56
2012-09-18 15:06:18,35.51791685527,24.02210928013,-218.726257561757,1064.53704865694,1086.77518545015,3.03613971352842,101.610751461072,2,60565,1876.6,-100
2013-02-12 13:37:30,35.518007857919,24.021975773229,-230.824374322363,1074.66746354367,1099.17698710476,3.04106762721362,102.122203337874,2,60565,1876.6,-79
2012-09-21 13:57:31,35.518513316667,24.02202955,-225.951235558026,1130.93513137044,1153.28584150594,3.06193696037666,101.298445762701,2,60565,1876.6,-74
2012-11-17 15:44:30,35.50795205,24.022153633333,-214.707062863955,-44.7450739996646,219.319959171302,2.341078156363,-168.228019061645,1,60563,1869.4,-81
2012-10-27 12:00:12,35.509049066667,24.022126566667,-217.159787652962,77.3748213703695,230.532506071435,2.3627321714268,160.388831886917,1,60563,1869.4,-75
2012-10-27 12:00:06,35.509636533333,24.0221412,-215.83374555411,142.771610630029,258.781642551802,2.41293346511403,146.515809476973,1,60563,1869.4,-75
2012-10-27 12:00:00,35.510185333333,24.022176583333,-212.627381757195,203.864026629709,294.569083283699,2.46918716319948,136.205377051638,1,60563,1869.4,-82
2012-09-24 12:20:20,35.511924176722,24.022258346626,-205.218162772785,397.432072693089,447.288214395329,2.65058745509082,117.310036673231,1,60563,1869.4,-75
2012-12-04 10:21:25,35.51231574303,24.022251901883,-205.802171934324,441.021234100053,486.676754016482,2.68724060278045,115.016068033107,1,60563,1869.4,-70
2012-09-24 12:31:50,35.512438613828,24.022183801234,-211.97331063117,454.699211333623,501.681230670789,2.70042785313342,114.994160769478,1,60562,1860.2,-75
2012-09-24 12:31:38,35.512541463865,24.022228045732,-207.963966553829,466.148477451963,510.434534897067,2.70794005013286,114.043201298604,1,60562,1860.2,-66
2012-09-24 12:31:31,35.512604586491,24.02225481739,-205.537974774169,473.175288178573,515.88827513052,2.71255565754189,113.479171897913,1,60562,1860.2,-66
2012-12-12 12:28:05,35.514371883333,24.022147566667,-215.256811476667,669.91077262971,703.644752820937,2.84735345341916,107.813334448064,1,60565,1876.6,-62
2012-10-14 18:21:20,35.5145868,24.022259283333,-205.133280339209,693.83529599993,723.524070558841,2.85945298402035,106.470380349525,1,60561,1861.6,-71
2012-09-19 15:29:02,35.514752383181,24.022133053837,-216.571933845491,712.268015708988,744.465666590203,2.87184467367417,106.912398134307,1,60561,1861.6,-76
2013-01-18 10:35:24,35.514825282612,24.022215066736,-209.140096086261,720.383180368325,750.127660034313,2.87513517983238,106.188956279444,1,60561,1861.6,-58
2013-03-09 17:36:57,35.517941315311,24.022208773819,-209.710347092457,1067.25994042074,1087.66824450497,3.0364964490829,101.11665891137,2,60565,1876.6,-85
2013-03-23 15:34:20,35.518047332764,24.022216796875,-208.983314500525,1079.06180328866,1099.11255158705,3.04104216742837,100.960851217717,2,60565,1876.6,-90
2013-04-06 15:46:12,35.518486364407,24.022216028517,-209.052941498991,1127.93480578795,1147.14430585575,3.05961805372935,100.500126794839,2,60565,1876.6,-96
2012-09-21 13:57:44,35.518530983333,24.022131083333,-216.750496805672,1132.90178462999,1153.45014260839,3.06199882706863,100.831126535339,2,60565,1876.6,-74
2012-09-27 19:18:04,35.510546083333,24.022380366667,-194.160961294097,244.022716629563,311.842211898774,2.49393490223797,128.508128225679,1,60563,1869.4,-83
2012-12-04 10:21:13,35.512461719005,24.022402442764,-192.160471453314,457.271279637275,496.006723714781,2.69548756369269,112.793751809932,1,60563,1869.4,-70
2012-12-04 10:21:00,35.512566822811,24.022416245204,-190.909723144235,468.971435321174,506.340527252373,2.70444268949957,112.150342446792,1,60563,1869.4,-70
2012-09-24 12:31:25,35.512669963298,24.022304924396,-200.997382455933,480.453034333915,520.802329060463,2.71667291775646,112.701981601548,1,60563,1869.4,-66
2012-09-21 12:19:56,35.512806542238,24.022408022531,-191.654844612,495.657001934847,531.420213230821,2.72543806932088,111.139905645712,1,60563,1869.4,-78
2012-09-21 12:19:25,35.512974386007,24.022381685558,-194.041446144161,514.341370299807,549.726411975631,2.74014660343783,110.669584458872,1,60563,1869.4,-78
2012-09-18 01:28:16,35.513955700109,24.022442314255,-188.547400144695,623.581256134333,651.462742682494,2.81388958334855,106.823332226147,1,60561,1861.6,-68
2012-09-19 00:51:46,35.514277532452,24.022326766401,-199.018105543597,659.407632556832,688.786347286565,2.83808453020392,106.794521510025,1,60561,1861.6,-65
2012-09-13 16:16:33,35.514453233333,24.02233985,-197.832497105592,678.966654629943,707.201113552863,2.84954293584196,106.244692574716,1,60561,1861.6,-68
2012-10-12 21:15:48,35.514485033333,24.022331433333,-198.59519790492,682.506630630181,710.813163556399,2.85175546191178,106.223894412809,1,60561,1861.6,-77
2013-01-18 10:35:11,35.514637528416,24.022340810916,-197.745420903186,699.482383269774,726.896729936889,2.86147271511723,105.785730457938,1,60561,1861.6,-69
2013-03-09 17:37:03,35.517949601885,24.022293846794,-202.001211631956,1068.18240183856,1087.11459060136,3.03627532462253,100.708599485325,2,60565,1876.6,-85
2012-11-07 18:04:33,35.5184206,24.022411316667,-191.356336881991,1120.6139120002,1136.83454707943,3.05569726282405,99.6903768559705,2,60565,1876.6,-86
2012-11-18 16:39:55,35.518565783333,24.022418316667,-190.722011489893,1136.77572063018,1152.66383854141,3.06170266865372,99.5240713822708,2,60565,1876.6,-83
2012-09-24 12:20:14,35.511739108862,24.02254533391,-179.211973994531,376.830318518439,417.274514651596,2.62042186066625,115.43470335486,1,60563,1869.4,-75
2012-12-04 10:20:48,35.512718857479,24.022477255074,-185.381136042731,485.895934562732,520.058674406152,2.71605234466037,110.883071356605,1,60563,1869.4,-70
2012-09-24 12:20:58,35.512817828079,24.022475376402,-185.551377379053,496.913341754716,530.426416066454,2.72462514448084,110.476030161961,1,60563,1869.4,-75
2012-09-24 12:21:04,35.512870817254,24.02251336635,-182.108807570251,502.812096715304,534.774365875833,2.72817058141438,109.909406285991,1,60563,1869.4,-75
2012-09-24 12:31:06,35.513021572989,24.022511542526,-182.274078695119,519.594225135455,550.637810687087,2.74086602981241,109.330912119723,1,60563,1869.4,-71
2012-09-16 15:22:58,35.513855832497,24.022597431907,-174.490962226879,612.463993566433,636.835331395963,2.80402714990023,105.902250080693,1,60565,1876.6,-78
2012-09-18 01:27:44,35.513953495601,24.022517037451,-181.776140058801,623.335850303757,649.299736153176,2.81244522639464,106.257650652502,1,60561,1861.6,-68
2012-09-19 09:23:57,35.514197075777,24.022544195133,-179.315167589643,650.451195495769,674.715263685043,2.82912053505407,105.412367090509,1,60561,1861.6,-59
2013-03-12 23:51:08,35.514435172801,24.022504599351,-182.90325472448,676.956156207735,701.229803998917,2.84586036640235,105.119442780263,1,60561,1861.6,-69
2012-10-14 18:21:13,35.514592666667,24.022475783333,-185.514502140954,694.488373370689,718.839155341215,2.85663172520584,104.955877246902,1,60561,1861.6,-71
2013-03-13 23:39:18,35.51463505,24.0224799925,-185.133076211385,699.206486000607,723.300743793899,2.85931891169662,104.830232727667,1,60561,1861.6,-77
2012-09-18 15:06:24,35.517996694292,24.0225608821,-177.803029463429,1073.42472858596,1088.05081003886,3.03664917661608,99.4051285978766,2,60565,1876.6,-94
2012-09-13 15:30:20,35.518174616667,24.02254575,-179.174268787066,1093.2310473704,1107.81656492849,3.04446785476558,99.307697772104,2,60565,1876.6,-92
2012-09-13 15:39:20,35.518262966667,24.022609433333,-173.403418047816,1103.06616937104,1116.61260936887,3.0479025278207,98.9338570042857,2,60561,1861.6,-84
2012-09-22 17:26:37,35.5184495325,24.022503955,-182.961644467208,1123.83467790033,1138.63046972996,3.0563828013432,99.246699460365,2,60565,1876.6,-72
2012-11-18 16:39:48,35.518554966667,24.022543983333,-179.334360463628,1135.57160937044,1149.64502906378,3.06056376581766,98.974279690712,2,60565,1876.6,-83
2013-03-13 10:49:44,35.51269331,24.022724872143,-162.942593988199,483.051989200666,509.793598632155,2.7073943778257,108.640226056364,1,60563,1869.4,-71
2012-09-21 12:19:18,35.512842441973,24.022669737748,-167.938757806336,499.653360434635,527.121339889743,2.72191059847403,108.57803899913,1,60563,1869.4,-78
2012-12-04 10:30:36,35.512961070338,24.022649481565,-169.774330838241,512.859070026593,540.229348629001,2.73257817407839,108.316353777777,1,60563,1869.4,-71
2013-03-13 10:48:29,35.513515045625,24.02277566,-158.340304373292,574.527598975195,595.947660431039,2.77520811916284,105.408252968469,1,60561,1861.6,-77
2012-09-18 01:21:35,35.514019916905,24.022782386348,-157.730776754582,630.729869864842,650.153187083878,2.81301569582288,104.040373687188,1,60561,1861.6,-68
2012-09-19 09:23:51,35.514151663141,24.022711218175,-164.179888074716,645.395860856435,665.951088938854,2.82344233339853,104.272533334034,1,60561,1861.6,-59
2013-03-14 00:05:10,35.514465968591,24.022654614142,-169.309227421564,680.384343550126,701.13370296843,2.84580084382193,103.973862224543,1,60561,1861.6,-64
2012-12-05 11:26:46,35.51453685,24.0226711,-167.815313372896,688.274862000206,708.437904875117,2.85030179000773,103.702513449304,1,60561,1861.6,-69
2012-10-25 14:33:43,35.514649283333,24.0226914,-165.975769735908,700.790940629894,720.177685441835,2.85743966071811,103.324451369012,1,60561,1861.6,-64
2012-09-18 16:59:35,35.517988571387,24.022685348762,-166.524120295437,1072.52048680124,1085.37112420063,3.03557826319228,98.8255192225938,2,60565,1876.6,-98
2012-09-13 14:59:56,35.518219783333,24.022752216667,-160.464690287104,1098.25900063013,1109.91970398495,3.04529156132934,98.3125673823404,2,60561,1861.6,-78
2012-09-13 15:05:50,35.5182661,24.022752,-160.484324198565,1103.41497200012,1115.024582127,3.0472844420608,98.2752623364454,2,60565,1876.6,-75
2012-09-18 16:35:06,35.51842252444,24.022641902556,-170.461124817685,1120.82814066093,1133.7163295867,3.05450440208197,98.6475615354481,2,60565,1876.6,-75
2012-09-27 19:17:58,35.510552683333,24.0227913,-156.923040211458,244.757428630239,290.742221596543,2.46350810461154,122.665434118906,1,60563,1869.4,-82
2013-03-14 10:37:32,35.512355697341,24.022887702043,-148.187288250944,445.468948000488,469.469973514633,2.67160782076844,108.399941251384,1,60563,1869.4,-66
2013-03-14 10:25:26,35.512760030429,24.022838556442,-152.640760054376,490.47930735659,513.681956637546,2.71069431115869,107.286525130027,1,60563,1869.4,-74
2013-03-14 10:27:38,35.513082075094,24.022919730239,-145.284959967341,526.329319464126,546.013069550796,2.7372030382466,105.431332656671,1,60562,1860.2,-72
2012-09-16 15:23:11,35.513667517498,24.022876416814,-149.209932152424,591.500767877671,610.03013224988,2.78535128738232,104.157863170534,1,60561,1861.6,-78
2012-09-17 23:58:47,35.513968669287,24.022842120305,-152.31781022652,625.024985029488,643.317143579521,2.80842512494736,103.695945475215,1,60561,1861.6,-71
2012-09-18 01:13:08,35.51417792558,24.022829864591,-153.428397453522,648.319395565958,666.226922161035,2.82362217850487,103.31441094229,1,60561,1861.6,-68
2013-03-14 00:05:29,35.514434454545,24.022818492064,-154.458952117419,676.876199949369,694.275851479158,2.84153205975211,102.854437616645,1,60561,1861.6,-64
2012-10-14 18:34:26,35.514539933333,24.022852033333,-151.419512316245,688.618098629621,705.069326003028,2.84823182113372,102.401349558838,1,60565,1876.6,-76
2012-09-13 14:56:41,35.518103316667,24.022916683333,-145.561064230517,1085.29393137098,1095.01184509146,3.03941881710311,97.6389989706516,2,60565,1876.6,-83
2012-09-13 14:56:48,35.518171916667,24.0228354,-152.926790241272,1092.93048337084,1103.57765683015,3.04280289911631,97.9653182541781,2,60565,1876.6,-93
2012-09-13 15:30:27,35.518270716667,24.022808083333,-155.402169599298,1103.92889937044,1114.81336966391,3.04720216845214,98.0129822725806,2,60565,1876.6,-94
2012-09-25 13:49:04,35.518444983333,24.022789766667,-157.061987648263,1123.32826462964,1134.25519971471,3.05471077885913,97.9594065937819,2,60565,1876.6,-74
2012-09-24 12:20:08,35.511459536651,24.023029909818,-135.300716445992,345.708339989987,371.241889082349,2.569656973934,111.374005516383,1,60563,1869.4,-75
2013-03-14 10:37:38,35.512130149666,24.023020482375,-136.155011657089,420.360980819396,441.861450451142,2.64528611383512,107.947150004912,1,60563,1869.4,-66
2012-09-21 12:19:12,35.51263002737,24.023029812495,-135.309535653103,476.007366828844,494.865318762578,2.69448701857614,105.86829508116,1,60563,1869.4,-78
2013-03-13 10:48:10,35.513448245926,24.023064544444,-132.162198914858,567.091456482635,582.288216296368,2.76513800142651,103.118772838876,1,60561,1861.6,-77
2012-09-16 15:23:17,35.5136323176,24.022987324314,-139.159725949281,587.582315232219,603.83640706729,2.78091929436406,103.324115158192,1,60561,1861.6,-78
2012-09-19 09:07:44,35.513959435973,24.023102942129,-128.682680830186,623.997132514657,637.12765889746,2.80422645902303,101.652367298147,1,60561,1861.6,-59
2013-03-13 10:45:52,35.5141982,24.02305150625,-133.343692846618,650.576344000626,664.100986142315,2.82223412513547,101.583059110127,1,60561,1861.6,-77
2012-09-13 16:16:39,35.514476316667,24.0231135,-127.725948592747,681.536291370801,693.401495815652,2.84098477418767,100.614611349787,1,60561,1861.6,-68
2012-12-05 11:26:40,35.514498533333,24.022989666667,-138.947466808265,684.00945062955,697.979460358951,2.84384264270337,101.482638709732,1,60561,1861.6,-69
2012-09-13 14:56:35,35.518072833333,24.02303355,-134.97085074954,1081.90052662999,1090.28706315094,3.03754085897614,97.1111084137718,2,60565,1876.6,-83
2012-09-22 19:02:34,35.518123816667,24.022959316667,-141.697720472808,1087.57599137075,1096.76787926766,3.04011472290738,97.4231187795908,2,60565,1876.6,-84
2013-03-14 11:11:32,35.513283428352,24.02327525942,-113.067647519144,548.743964144621,560.271569063313,2.7483985847874,101.642743769964,1,60561,1861.6,-64
2012-12-04 10:31:45,35.513420456112,24.02316525614,-123.035915192995,563.99789438833,577.262038680743,2.76137299880549,102.30625373356,1,60562,1860.2,-76
2012-09-24 12:23:22,35.513782563398,24.023258565958,-114.580374209034,604.307677466005,615.074329815705,2.78892760208142,100.736178688182,1,60561,1861.6,-60
2012-09-16 17:26:11,35.513930756934,24.023123332247,-126.834970888084,620.804581893418,633.628786230584,2.80183489935339,101.547038482154,1,60561,1861.6,-74
2012-09-18 09:33:41,35.5139464135,24.023165674861,-122.997971569692,622.547470820452,634.581637329036,2.8024875009159,101.176108630138,1,60561,1861.6,-71
2012-09-15 18:37:54,35.514127756,24.023242352,-116.049649246847,642.734517920391,653.127232334309,2.81499779217594,100.234833953285,1,60561,1861.6,-68
2013-03-14 00:06:13,35.51432205236,24.023275674727,-113.030013265534,664.363588715605,673.910054762417,2.82860193610944,99.6554382764328,1,60561,1861.6,-64
2013-03-14 00:06:00,35.514391664764,24.023183545936,-121.378532047478,672.112841528619,682.984933794059,2.83441112353179,100.236852163534,1,60561,1861.6,-64
2013-03-09 17:48:57,35.514607427595,24.023249431096,-115.408156340212,696.131559876033,705.633184597554,2.84857899665425,99.4131635576761,1,60561,1861.6,-66
2012-10-30 19:19:50,35.518059376,24.023198158,-120.054417300931,1080.40245631994,1087.05222079513,3.03625040761749,96.3406998778563,2,60565,1876.6,-85
2013-03-23 15:41:12,35.51940536499,24.023216247559,-118.415179214518,1230.23795068711,1235.92377191283,3.09199168559218,95.4980036593119,2,60565,1876.6,-76
2013-04-10 17:29:34,35.51119913,24.023446773333,-97.5254146459886,316.719871600479,331.395056644628,2.52034602584562,107.11481621664,1,60563,1869.4,-72
2013-04-09 22:54:36,35.511259403333,24.023437733333,-98.3446005807667,323.429499029862,338.0507377689,2.5289818880864,106.912844686201,1,60563,1869.4,-67
2013-03-14 10:41:32,35.512854286359,24.023384654592,-103.154485323181,500.971877484351,511.481837285046,2.70883021652925,101.635084078892,1,60563,1869.4,-68
2013-03-14 10:41:26,35.512876859268,24.023397018156,-102.034124954322,503.48469371381,513.719572781963,2.71072611271532,101.456174505497,1,60563,1869.4,-68
2013-03-14 11:11:26,35.513230232559,24.023354538434,-105.883548713517,542.822208468565,553.052688172527,2.74276650760232,101.037586745543,1,60561,1861.6,-64
2012-09-17 23:48:46,35.513568193407,24.023339533841,-107.243233618854,580.444010067959,590.268040792318,2.77104926961238,100.467959660059,1,60561,1861.6,-63
2012-09-18 09:23:58,35.513926183902,24.023437608004,-98.3559576334118,620.295511971058,628.044916047748,2.79799070439664,99.0099837142684,1,60561,1861.6,-71
2012-09-15 18:43:51,35.5140541,24.023405364,-101.277841987689,634.535132000629,642.566755303088,2.80791825255396,99.0684606702941,1,60561,1861.6,-72
2012-09-15 18:42:29,35.514128505,24.02342424,-99.5673382587661,642.817896600567,650.483284210988,2.81323614076201,98.8046891298169,1,60561,1861.6,-68
2012-09-18 17:08:26,35.514315411437,24.023391128272,-102.567853951218,663.624321167547,671.50383789614,2.82704849916758,98.7859506726277,1,60561,1861.6,-74
2013-03-09 17:49:03,35.514555483611,24.023287155923,-111.989611243389,690.349155576623,699.373741022496,2.844709322078,99.2143501787699,1,60561,1861.6,-66
2013-01-05 16:39:45,35.514924533333,24.023295916667,-111.195730904536,731.431770630049,739.835742349883,2.86913530877224,98.6441885328208,2,60565,1876.6,-83
2012-09-18 15:06:37,35.518021972987,24.023437772213,-98.3410773563336,1076.23875291321,1080.72236063097,3.03371413730868,95.2208910078514,2,60565,1876.6,-94
2013-03-23 15:40:25,35.518749237061,24.023384094238,-103.205263433258,1157.19778963102,1161.79088080741,3.06512796326556,95.0964687562291,2,60565,1876.6,-76
2012-09-19 11:09:42,35.510675966667,24.023452333333,-97.0215790486856,258.481329370937,276.090174462017,2.44105095117799,110.573743285816,1,60563,1869.4,-71
2012-09-24 12:20:01,35.511235236677,24.02352441923,-90.4893054946665,320.739266884248,333.259646117486,2.52278272881348,105.755208482439,1,60563,1869.4,-75
2013-04-04 21:50:21,35.5112708175,24.023555995,-87.6279751111015,324.700124100105,336.316566069374,2.52674826004529,105.102822122662,1,60562,1878.6,-77
2012-09-21 12:19:06,35.512287626024,24.023504325763,-92.3101335423141,437.891248991747,447.515258620477,2.65080784774511,101.904005676583,1,60563,1869.4,-78
2013-03-14 10:39:26,35.512662458937,24.023506465764,-92.1162111174257,479.617648867278,488.383543391468,2.68876102149994,100.871938235216,1,60563,1869.4,-66
2012-09-18 00:56:02,35.513646410415,24.023596512632,-83.9563518531127,589.151127398054,595.103117056936,2.77459222503724,98.1102685998895,1,60561,1861.6,-68
2012-09-19 01:04:34,35.51374922705,24.023565583833,-86.7590550748361,600.596675206217,606.830701189583,2.78306754479092,98.2197888138681,1,60561,1861.6,-79
2012-09-18 09:26:04,35.513911200259,24.023551477786,-88.0373156169153,618.627532832483,624.860459078214,2.79578304355449,98.0994171705133,1,60561,1861.6,-71
2012-09-15 18:38:00,35.514073251429,24.023495665714,-93.0948891103309,636.667069076216,643.437343666471,2.80850626277926,98.3189628063372,1,60561,1861.6,-68
2012-09-15 19:02:48,35.51410848,24.023559898,-87.2742933960876,640.588713600025,646.506536919405,2.81057292045179,97.7582541506598,1,60561,1861.6,-75
2012-09-15 19:59:54,35.514333633333,24.02349705,-92.9694480019969,665.652782630178,672.113788941348,2.82744280538398,97.9508732428404,1,60561,1861.6,-78
2012-09-19 17:46:42,35.51435056314,24.023561819088,-87.1002084105581,667.537408745006,673.195839543858,2.82814142330389,97.4339492481137,1,60565,1876.6,-68
2013-03-16 10:36:50,35.515038779679,24.023585927039,-84.9155962002421,744.149673866916,748.978901968727,2.87446958420466,96.5099151178862,2,60561,1861.6,-73
2012-10-15 00:24:04,35.516473933333,24.023595483333,-84.0496247804888,903.91097863025,907.810220648588,2.95799506797094,95.3123387876267,2,60561,1861.6,-85
2012-12-09 00:50:10,35.51688125,24.023583683333,-85.1189161556663,949.253470000023,953.062107207395,2.97912120277745,95.1239698486527,2,60565,1876.6,-83
2012-10-12 21:19:54,35.51740345,24.023602416667,-83.4213405222544,1007.38477400069,1010.83292533581,3.00467937952684,94.7338515236568,2,60561,1861.6,-87
2013-02-16 11:22:00,35.517697696885,24.023590410171,-84.5093441340942,1040.14033723867,1043.5677986585,3.01852066962262,94.6449657905246,2,60565,1876.6,-80
2012-10-15 00:22:58,35.51785105,24.023574216667,-85.9767656731677,1057.21160600003,1060.70183562431,3.02559332043159,94.649295275216,2,60565,1876.6,-90
2012-10-15 00:22:52,35.517864066667,24.023558666667,-87.385874222787,1058.66062137099,1062.26108008121,3.02623126976205,94.7187140101751,2,60565,1876.6,-90
2013-03-09 17:38:57,35.51802990817,24.023507571801,-92.0159843525535,1077.12209748472,1081.04530629676,3.03384389549111,94.8827874881027,2,60565,1876.6,-84
2013-03-23 15:37:18,35.518768310547,24.02357673645,-85.7484281961801,1159.32105009269,1162.4878881632,3.06538843671787,94.2301423430126,2,60565,1876.6,-83
2013-03-23 15:37:12,35.518829345703,24.023498535156,-92.834866264409,1166.11548365796,1169.80495537554,3.06811345673298,94.5517374649379,2,60565,1876.6,-83
2012-10-15 00:29:52,35.507975916667,24.0236632,-77.9132817310081,-42.088236629219,88.5544980938438,1.9472106259182,-151.622377355612,1,60563,1869.4,-75
2013-04-08 01:35:15,35.51124306,24.023613888,-82.3818322646851,321.610159200123,331.993766188487,2.52112992907946,104.367634404659,1,60563,1869.4,-71
2013-04-06 11:31:21,35.51135149,24.023627846667,-81.116926990625,333.680586800623,343.398733037865,2.53579868850784,103.663424579269,1,60563,1869.4,-69
2012-09-19 01:03:25,35.513832224709,24.023633303618,-80.6224294790169,609.835974606072,615.142172232433,2.78897550192215,97.5310281146529,1,60561,1861.6,-79
2012-09-19 01:07:42,35.514061128218,24.023654465546,-78.7047797252904,635.317513228441,640.17402709449,2.80629805012932,97.0619698575044,1,60561,1861.6,-79
2012-09-19 01:08:01,35.514091442553,24.023656287968,-78.5396356467636,638.692105000592,643.502975406962,2.80855055932096,97.0104374565524,1,60561,1861.6,-79
2012-09-13 16:16:45,35.5144296,24.023757966667,-69.3257241309951,676.335792000292,679.879518419954,2.83243195811605,95.8524884303398,1,60561,1861.6,-68
2013-03-16 10:36:37,35.515131547235,24.023681156864,-76.2860681885706,754.476558200597,758.323440936577,2.87985448090026,95.7736257385534,2,60565,1876.6,-76
2012-09-18 15:07:20,35.515540699535,24.023746970425,-70.3221806333151,800.023392236751,803.108110539934,2.90477401184228,95.0233968279793,2,60565,1876.6,-97
2013-03-09 18:07:03,35.515649914525,24.023671142962,-77.1935070902814,812.181204923272,815.841373777719,2.91160572592314,95.4293498714636,2,60561,1861.6,-66
2013-03-09 18:07:09,35.515706474324,24.023614017889,-82.3700619946437,818.47744174784,822.61178557269,2.91519492736197,95.7467925806505,2,60561,1861.6,-66
2012-09-18 15:07:14,35.516075056286,24.023691930622,-75.3097727218099,859.507985757712,862.80098484453,2.9359106321564,95.0074468094964,2,60565,1876.6,-97
2013-03-16 10:30:44,35.516182193862,24.023622630866,-81.5895719926796,871.434540718255,875.245689515113,2.9421299805917,95.3488240077779,2,60561,1861.6,-77
2013-02-16 11:19:54,35.516614415948,24.023643155994,-79.7296277259962,919.549503331506,922.999513875573,2.9652014722922,94.9554428796023,2,60561,1861.6,-79
2012-09-18 15:07:08,35.516643203702,24.02367108128,-77.1990965845573,922.754156107299,925.977825396897,2.96660058665702,94.7823202259137,2,60565,1876.6,-97
2012-10-15 00:23:58,35.516911483333,24.0236598,-78.2213826357967,952.619044629559,955.825103715314,2.98037843261066,94.6941357333942,2,60561,1861.6,-85
2013-02-16 11:23:54,35.517137295075,24.023675850368,-76.7669317822548,977.756407749615,980.765392288438,2.9915651327419,94.4892742673153,2,60561,1861.6,-89
2013-03-09 17:39:09,35.518017836848,24.023669349701,-77.3560086600989,1075.77831792,1078.55595190171,3.03284267977872,94.1128895506093,2,60561,1861.6,-86
2013-03-23 15:38:19,35.518196105957,24.023767471313,-68.4644329450282,1095.62323513388,1097.76028892637,3.04050751628702,93.5757082717792,2,60565,1876.6,-85
2013-03-23 15:38:12,35.518474578857,24.023777008057,-67.6002331055432,1126.62283836186,1128.64910908327,3.05255894309853,93.4337754315626,2,60565,1876.6,-83
2013-03-23 15:37:25,35.518741607666,24.023677825928,-76.5879106577379,1156.3484853796,1158.88201629787,3.06403922347092,93.7893112151845,2,60565,1876.6,-83
2013-03-23 15:36:12,35.519062042236,24.023738861084,-71.0570321920883,1192.01926171199,1194.13526123146,3.07705352267221,93.4114012377116,2,60565,1876.6,-76
2012-11-06 12:17:37,35.510617683333,24.023908733333,-55.6635634846624,251.993228630163,258.067858469947,2.41173391791708,102.456217471663,1,60563,1869.4,-86
2012-09-21 12:19:00,35.51196441554,24.023894186643,-56.9817541757959,401.911457913081,405.930708755532,2.60845190704185,98.0694368182151,1,60563,1869.4,-78
2012-09-19 01:22:18,35.513991327228,24.023855417041,-60.4949746029029,627.5472670211,630.456353999115,2.79965502608205,95.5062459622756,1,60561,1861.6,-79
2013-03-20 20:46:15,35.514323266667,24.023933166667,-53.4494657460218,664.49876537063,666.644923904492,2.82389457657089,94.5987290510548,1,60561,1861.6,-78
2012-09-18 15:07:27,35.515250349997,24.023806690304,-64.9104898246456,767.701681665998,770.440941099365,2.88673935306391,94.832961065178,2,60565,1876.6,-97
2013-03-19 12:13:19,35.518067083333,24.023853616667,-60.6581207374508,1081.26043663002,1082.96054380238,3.03461263398353,93.2108964121855,2,60565,1876.6,-93
2013-03-23 15:35:12,35.518924713135,24.023862838745,-59.8224352742198,1176.73178618854,1178.25142494656,3.07123797365642,92.9102849438858,2,60565,1876.6,-85
2013-03-23 15:35:19,35.518962860107,24.023878097534,-58.4397156578879,1180.97830711186,1182.42334306921,3.07277299485495,92.8329225334493,2,60565,1876.6,-85
2013-03-23 15:35:25,35.519077301025,24.023839950562,-61.8965146536461,1193.71787010331,1195.32151822438,3.07748473776084,92.9682355856228,2,60565,1876.6,-76
2012-10-15 00:30:04,35.507983466667,24.023995266667,-47.8220933389663,-41.2477706292844,63.1532358094727,1.80039560759437,-139.221395398899,1,60563,1869.4,-83
2012-09-24 12:19:55,35.511083632287,24.023960453007,-50.9768345575709,303.862666188848,308.109002732645,2.48870438828769,99.5234145954617,1,60562,1860.2,-75
2013-03-20 20:50:59,35.51191615,24.024058983333,-42.0482220329461,396.538538000054,398.761664525757,2.60071340017828,96.0529208603018,1,60562,1860.2,-76
2012-09-27 19:14:58,35.51302465,24.024070966667,-40.9623173130786,519.936758000148,521.547834584098,2.71729414659422,94.5046443545262,1,60563,1869.4,-75
2013-03-20 20:48:22,35.51325575,24.02403425,-44.2895050547422,545.662810000214,547.457269999517,2.73835022738865,94.6403218782082,1,60561,1861.6,-78
2012-09-18 00:56:14,35.513488708247,24.023976917275,-49.484876949729,571.595722056697,573.733755778974,2.75871040246615,94.9479427289259,1,60561,1861.6,-68
2012-09-19 01:23:14,35.513944498032,24.024013749435,-46.1472234735775,622.334240922173,624.042846011793,2.79521440882935,94.2408256069098,1,60561,1861.6,-79
2012-09-19 01:22:43,35.513962391751,24.023958234423,-51.1778780098983,624.326169721731,626.420259408174,2.79686579503791,94.6862281787251,1,60561,1861.6,-79
2013-01-23 17:40:32,35.514338136,24.02402686,-44.9591714329977,666.154019520238,667.669457755042,2.82456151007828,93.861074436565,1,60561,1861.6,-80
2013-03-23 15:32:25,35.514423370361,24.024074554443,-40.6372005391023,675.642308586986,676.863288427144,2.83050095956058,93.4419670085983,1,60561,1861.6,-75
2012-09-19 11:09:36,35.510665116667,24.024145733333,-34.187118066576,257.273507370664,259.535000792766,2.41419593492489,97.5692559203272,1,60563,1869.4,-71
2012-11-06 12:17:30,35.510810083333,24.024166283333,-32.3249199513564,273.411196629716,275.31542436332,2.43983054313408,96.7426782654814,1,60563,1869.4,-86
2012-09-24 12:19:49,35.511026350591,24.0242074358,-28.5957692704179,297.48606779074,298.857287931487,2.47546385100067,95.4906718551763,1,60562,1860.2,-77
2012-09-21 12:18:53,35.511648302444,24.024264525484,-23.422421243722,366.721748066572,367.468978720545,2.56522068236135,93.6545023839675,1,60562,1860.2,-78
2013-03-20 20:50:52,35.511977933333,24.024182,-30.900708385987,403.416258629898,404.597987520577,2.60702371824971,94.3801648907598,1,60562,1860.2,-76
2013-03-20 20:48:41,35.512998383333,24.02426285,-23.5742501073667,517.012752629744,517.549931552415,2.71395225548471,92.6107095355066,1,60561,1861.6,-78
2012-12-13 17:33:15,35.5142095,24.024123116667,-36.236593142157,651.834260000298,652.840710428422,2.81480722871631,93.1818962898229,1,60561,1861.6,-85
2012-10-02 20:18:56,35.5142941,24.0242728,-22.6726018715547,661.251932000408,661.640509982497,2.82062208772233,91.9637533453313,1,60561,1861.6,-79
2012-11-01 17:25:18,35.516992583333,24.024231083333,-26.4528791788188,961.647096629862,962.010859228467,2.98317997440412,91.5756884467911,2,60561,1861.6,-75
2013-03-20 20:53:48,35.511527516667,24.024310483333,-19.2578168742,353.275875370953,353.800378221778,2.54875829284601,93.1202261894707,1,60563,1869.4,-97
2013-03-20 20:50:40,35.51200655,24.02443725,-7.77048605312118,406.601866000591,406.676109316326,2.60924865999533,91.0948347848831,1,60562,1860.2,-76
2013-03-14 10:45:32,35.512163933038,24.024426571449,-8.73815406025873,424.121745790868,424.211752063842,2.62758269573589,91.1802944113482,1,60562,1860.2,-67
2013-03-14 10:45:26,35.512255596175,24.024374792292,-13.4302732123437,434.325686201589,434.533282882957,2.6380230466508,91.7711428977362,1,60562,1860.2,-67
2012-09-18 00:56:20,35.51331286824,24.024362734519,-14.5229234391158,552.021212477112,552.212218562682,2.74210601185711,91.5070260017262,1,60561,1861.6,-68
2012-09-19 01:28:58,35.514014914155,24.024276911858,-22.2999938803337,630.172963734739,630.567406348669,2.79973151857054,92.026685808962,1,60561,1861.6,-79
2012-10-02 20:18:50,35.514300583333,24.024337633333,-16.7975405319243,661.973656629501,662.186740609742,2.82098048034587,91.4535649321645,1,60561,1861.6,-79
2012-09-13 16:16:51,35.514383533333,24.024347733333,-15.882299609302,671.207650630233,671.395530001084,2.82697844548762,91.355495512517,1,60561,1861.6,-68
2013-04-01 18:37:43,35.515795276667,24.024369223333,-13.9349206554289,828.362918570688,828.480118576554,2.91828209091336,90.9637525083071,2,60561,1861.6,-76
2012-11-18 16:29:48,35.5168365,24.02432255,-18.1643606918509,944.271899999945,944.446591993877,2.97517740380559,91.1020267176132,2,60561,1861.6,-80
2012-09-18 15:08:29,35.516924875616,24.024420478842,-9.29025339213742,954.109873573306,954.155102516441,2.97961897710647,90.5578765122368,2,60565,1876.6,-95
2012-09-22 17:51:39,35.51709785,24.02443555,-7.92453650535449,973.36538200021,973.397639793337,2.98829028887074,90.466456351876,2,60561,1861.6,-77
2012-11-18 16:31:48,35.517194283333,24.0244347,-8.00156173147114,984.100340629649,984.132869798349,2.99305373737916,90.4658525104407,2,60561,1861.6,-72
2012-09-22 17:51:20,35.51733355,24.024382716667,-12.7121828869645,999.603505999932,999.684334578225,2.99986288660708,90.7286040537098,2,60561,1861.6,-77
2012-09-19 11:09:29,35.510653,24.024549066667,2.36210696654528,255.92468000008,255.935580532416,2.40813066632772,89.4711923950021,1,60562,1860.2,-81
2012-09-24 12:19:36,35.510964587685,24.024589829932,6.05598897441098,290.610621094793,290.673714146222,2.46340575995274,88.8061950585168,1,60562,1860.2,-77
2012-09-21 12:18:47,35.511377669922,24.024574525431,4.66912703175456,336.594935717174,336.627318406702,2.5271493574861,89.2052639910082,1,60562,1860.2,-77
2013-03-14 10:47:32,35.512000193241,24.024584586418,5.58083267813857,405.894231588505,405.932596535686,2.60845392672299,89.2122627370866,1,60562,1860.2,-67
2013-03-14 10:45:38,35.512106847719,24.024501240224,-1.97182549158862,417.767008079015,417.771661479164,2.62093897733737,90.2704293002463,1,60562,1860.2,-67
2012-09-27 19:15:04,35.512689883333,24.024571266667,4.37382463860941,482.670532630234,482.690349407902,2.68366861590841,89.4808159683374,1,60563,1869.4,-75
2013-03-20 20:49:12,35.5128744,24.024564266667,3.73949924651132,503.210928000455,503.224822433963,2.70176205529138,89.5742270914965,1,60561,1861.6,-78
2012-10-02 20:18:37,35.514298383333,24.024478,-4.07780609201319,661.728752629803,661.741316950603,2.8206882514087,90.3530723433265,1,60561,1861.6,-79
2013-04-08 06:15:11,35.5152376,24.024573083333,4.53844712041712,766.282352000209,766.295791773149,2.88439644057076,89.6606592538318,2,60561,1861.6,-79
2012-11-18 16:30:55,35.516548933333,24.024476083333,-4.25149045570736,912.259978629737,912.269885385143,2.96012333876063,90.2670189440856,2,60565,1876.6,-81
2012-10-10 20:05:56,35.516849733333,24.0244588,-5.81767002433077,945.745034629513,945.762927911055,2.9757822865041,90.3524456619053,2,60561,1861.6,-81
2012-09-18 15:08:35,35.516925702383,24.024464061309,-5.34090118236154,954.201909275718,954.216856322957,2.9796470841401,90.3206951253635,2,60565,1876.6,-95
2012-09-18 15:08:23,35.51706211709,24.024452592056,-6.38022095465584,969.387594459031,969.408590590416,2.98650686398328,90.3770983420376,2,60565,1876.6,-95
2012-11-18 16:34:48,35.51729175,24.024454866667,-6.17410045267558,994.950330000132,994.969486307883,2.99780976202079,90.3555407209785,2,60561,1861.6,-82
2012-12-13 17:45:28,35.510582733333,24.02474505,20.1217076163521,248.102594630178,248.917216318246,2.39605493555369,85.3633249626423,1,60562,1860.2,-91
2012-09-24 12:19:30,35.510966542987,24.024626660041,9.39345659327968,290.828285313072,290.979945296771,2.46386305789628,88.1500479637278,1,60562,1860.2,-77
2012-09-24 12:19:24,35.511080511488,24.024639139489,10.5243181283227,303.515258844106,303.697668122873,2.48244145729444,88.0140783768724,1,60562,1860.2,-77
2012-09-21 12:18:41,35.511296193287,24.024763509945,21.7945093092356,327.524956709404,328.249292312303,2.51620379844714,86.1929766428804,1,60562,1860.2,-77
2012-09-24 12:19:11,35.511487816228,24.024715600627,17.4530668914507,348.856422501049,349.292732624296,2.54318954981171,87.1359162197935,1,60562,1860.2,-77
2013-03-20 20:50:21,35.512139783333,24.0246402,10.6204194220128,421.433400629653,421.56720042595,2.62486681371267,88.5564114232793,1,60562,1860.2,-76
2013-03-14 11:09:38,35.512713080666,24.024741541086,19.8037371523676,485.252859739824,485.656798460474,2.68632947258011,87.6629890733514,1,60562,1860.2,-63
2012-09-18 00:56:33,35.513197413508,24.024768842126,22.2777004240911,539.168791711202,539.628837157081,2.73209514982781,87.6339643617222,3,60561,1861.6,-68
2012-10-02 19:45:54,35.51376685,24.024694466667,15.5379515394715,602.558462000683,602.758764404692,2.78014353394774,88.5228623373123,1,60561,1861.6,-73
2012-10-02 19:45:47,35.513965433333,24.02476775,22.1787342448797,624.664758629729,625.058362816339,2.79592057008922,87.966566414738,1,60561,1861.6,-73
2012-09-15 20:02:05,35.514318183333,24.024664833333,12.8526406523875,663.932888630249,664.05727989131,2.82220554212073,88.8909871607611,1,60561,1861.6,-80
2012-09-15 20:02:18,35.514363116667,24.024683583333,14.5517265242743,668.934867370662,669.093124706152,2.8254865672916,88.7538083648248,1,60561,1861.6,-80
2013-04-08 06:14:09,35.515313633333,24.024684516667,14.6363033036595,774.746382630003,774.88462287793,2.88923704266414,88.9177120635469,2,60561,1861.6,-79
2012-09-22 17:52:23,35.516795633333,24.024614566667,8.2975802783893,939.722622629531,939.759254979806,2.97301661144557,89.4941018084869,2,60561,1861.6,-86
2012-09-13 14:52:55,35.516978566667,24.024735183333,19.2276108430217,960.086761370707,960.279277282408,2.98239755693939,88.8526935825995,2,60561,1861.6,-83
2012-09-18 15:08:17,35.517096269733,24.024650765503,11.5778432553578,973.189466678174,973.258333901023,2.98822813122064,89.3183955604615,2,60565,1876.6,-101
2013-01-05 16:40:38,35.517601833333,24.024639633333,10.5690692408988,1029.46880663027,1029.5230590178,3.01263607828969,89.4117920013083,2,60565,1876.6,-99
2013-01-05 16:40:45,35.5178999,24.024628466667,9.55716927116402,1062.64958800069,1062.69256436776,3.02640764184221,89.4847118880402,2,60565,1876.6,-95
2012-10-25 15:00:31,35.506929816667,24.0247726,22.6182311236698,-158.540088629608,160.145384204003,2.20451442571217,-81.8806479904626,3,60563,1869.4,-66
2012-10-25 15:06:31,35.508886033333,24.024878383333,32.2040960069292,59.2259506297705,67.41525812176,1.82875820170055,61.4648743382724,3,60562,1860.2,-80
2012-10-25 15:06:37,35.509597066667,24.024904616667,34.5813059892246,138.378181370591,142.633754081398,2.15422231286939,75.9689159727887,3,60562,1860.2,-80
2012-10-25 15:06:43,35.510499466667,24.0248468,29.3420802798452,238.833349370711,240.629022453197,2.38134800675751,82.9959746850361,3,60562,1860.2,-80
2012-09-21 12:18:34,35.511530423748,24.024867608982,31.2277468036369,353.599491627568,354.975735297085,2.55019866745864,84.9530805064951,3,60562,1860.2,-83
2012-09-24 12:19:05,35.511750560104,24.02482517602,27.3825603380897,378.105070777382,379.09530352965,2.57874840414738,85.8578420868602,3,60562,1860.2,-84
2013-01-23 11:46:20,35.512362721578,24.024839476009,28.6783954995037,446.250886063334,447.171447747658,2.65047406571578,86.3229327119193,3,60562,1860.2,-82
2013-03-14 11:09:32,35.512667809355,24.024855195386,30.1028526393575,480.213257399061,481.155852420859,2.68228577259637,86.4130259095421,3,60562,1860.2,-63
2012-10-02 20:09:41,35.5131169,24.024832516667,28.0477544506464,530.206028000323,530.947369009022,2.72505147309313,86.9718913673969,3,60562,1860.2,-66
2012-10-02 19:39:54,35.513179916667,24.0248947,33.6826783201835,537.221043370681,538.275925765869,2.73100495655572,86.4123660495871,3,60562,1860.2,-73
2012-10-02 19:39:47,35.51338865,24.024844216667,29.1079840344025,560.457238000671,561.212607094573,2.74912741846842,87.0269497426971,3,60562,1860.2,-73
2012-10-02 19:39:41,35.5135674,24.024803383333,25.4077525203479,580.355688000263,580.911592656227,2.76411004333179,87.4932131741412,3,60562,1860.2,-73
2012-10-15 00:26:04,35.514444266667,24.024774366667,22.7783228005537,677.968485370634,678.351029442248,2.83145448840749,88.075705513451,3,60561,1861.6,-86
2013-04-08 06:14:59,35.5153064,24.024906116667,34.7172328589369,773.94116800033,774.719444562415,2.88914445639293,87.4315640382739,4,60561,1861.6,-79
2013-03-19 12:13:51,35.516164733333,24.024869833333,31.4293128494081,869.490834629829,870.058683774527,2.9395485459289,87.9298421178905,4,60561,1861.6,-80
2012-09-22 17:52:29,35.516274383333,24.024916816667,35.686844529766,881.697072629701,882.418992744533,2.94567484706969,87.6822083654071,4,60561,1861.6,-86
2012-10-14 18:20:26,35.51658635,24.024795083333,24.6556238410585,916.425202000012,916.756811072465,2.96225414524862,88.458878598615,4,60561,1861.6,-84
2012-09-13 14:52:42,35.516719133333,24.024889666667,33.2265681874903,931.206642629676,931.799235946859,2.96932235000124,87.9564849097305,4,60561,1861.6,-99
2012-09-18 15:08:10,35.516867275295,24.024847199779,29.3783074186406,947.697805839587,948.153055228928,2.97687844881067,88.2244190769507,4,60565,1876.6,-98
2012-10-15 00:30:58,35.50946525,24.025100766667,52.3560096544596,123.704350000112,134.32765149398,2.12816542186563,67.060218267139,3,60563,1869.4,-93
2012-10-15 00:31:04,35.509883283333,24.025099716667,52.260860845822,170.239820629493,178.080863947557,2.25061725394676,72.9343639448485,3,60563,1869.4,-93
2012-09-21 12:18:28,35.511837078713,24.025069767238,49.5469060897248,387.736322331533,390.889180661535,2.59205364985404,82.7179211093134,3,60562,1860.2,-83
2012-09-24 12:18:59,35.512051908257,24.025034063816,46.3115364955483,411.651147169549,414.248023988751,2.61726044546113,83.5811057268873,3,60562,1860.2,-84
2012-09-24 12:18:15,35.512544586917,24.025084188087,50.8536933319022,466.496135601012,469.259781630786,2.67141333417351,83.7786369441109,3,60562,1860.2,-84
2013-03-14 11:09:26,35.512635635326,24.024947200067,38.4401248322153,476.631644490568,478.179221345825,2.67959070048969,85.3891011874991,3,60562,1860.2,-63
2012-10-02 19:45:41,35.514188116667,24.024969466667,40.4578776571511,649.453867370806,650.712813541748,2.81338935874812,86.4353526128608,3,60562,1860.2,-73
2012-09-19 17:44:48,35.514348398493,24.025081427287,50.6035153971662,667.296440240931,669.212413908148,2.82556398853932,85.6633529753795,3,60562,1860.2,-67
2012-09-13 16:16:58,35.5143615,24.025017633333,44.822640413874,668.75490000029,670.255313569441,2.82624026561611,86.1655415264715,3,60561,1861.6,-68
2013-04-08 06:15:18,35.5152588,24.025097283333,52.0403571967245,768.642336000104,770.401998614268,2.88671740078577,86.1267428453006,4,60561,1861.6,-79
2013-01-17 00:06:40,35.515390596,24.025038328,46.6979479509113,783.313866720674,784.704601834168,2.89470619950018,86.588299468646,4,60561,1861.6,-93
2013-01-20 17:44:41,35.515498874464,24.025077830853,50.27761405341,795.367425332891,796.954942111269,2.90143376813939,86.3829707016069,4,60562,1860.2,-85
2013-03-19 12:13:57,35.515699916667,24.0250386,46.7225960230755,817.747443371134,819.081120597442,2.91332691578143,86.7299191806117,4,60561,1861.6,-80
2012-09-13 14:52:30,35.516481883333,24.02496615,40.157328215166,904.795972629914,905.686680423585,2.95697798079225,87.4587238236148,4,60561,1861.6,-99
2012-10-25 15:00:37,35.506084283333,24.025221133333,63.2633857411822,-252.664859369802,260.464560229985,2.41574863994415,-75.9430195404561,3,60563,1869.4,-81
2012-10-15 00:30:52,35.508349683333,24.02514365,56.2420078002576,-0.480531369928769,56.2440605913347,1.75007666743051,-0.489522877520453,3,60563,1869.4,-93
2012-12-13 17:45:21,35.510529533333,24.0252018,61.5114394503504,242.180370629785,249.869944374337,2.39771402012251,75.7487863761226,3,60562,1860.2,-91
2012-10-27 11:57:05,35.510805516667,24.0251123,53.4011362227874,272.902835370594,278.078476159509,2.4441673748875,78.9283610959639,3,60563,1869.4,-87
2013-03-20 21:20:25,35.511961683333,24.025110716667,53.2576578905935,401.607308629719,405.123201592797,2.60758711614133,82.4460086390503,3,60562,1860.2,-79
2013-03-20 21:20:38,35.51213305,24.025217566667,62.9401819111085,420.683846000631,425.366153783874,2.62876293030181,81.4908665894868,3,60562,1860.2,-79
2012-09-24 12:18:53,35.512248393939,24.025181913025,59.7093232768612,433.523933289423,437.616503369003,2.64109369172332,82.1579810549405,3,60562,1860.2,-84
2012-09-24 12:18:40,35.51244092622,24.025179290644,59.4716885831103,454.956626810926,458.827215869005,2.66164917067468,82.5525541635531,3,60562,1860.2,-84
2012-09-20 11:43:05,35.512477097521,24.025218405669,63.0162105216719,458.983216038021,463.288932949101,2.66585192589592,82.1824380358815,3,60562,1860.2,-56
2012-09-18 00:56:39,35.513145610364,24.025199508936,61.3038280117779,533.402065720702,536.91332917335,2.72990418570021,83.443769555847,3,60561,1861.6,-68
2012-09-19 17:44:42,35.514346283342,24.025202666997,61.5900049090793,667.060981631795,669.898262365469,2.82600885128555,84.724814182737,3,60562,1860.2,-67
2012-10-02 19:34:32,35.514447816667,24.025202316667,61.5582587354318,678.363671370902,681.151003709418,2.83324340091134,84.8148835373981,3,60561,1861.6,-79
2013-02-12 13:29:26,35.514904706671,24.025241168437,65.0789250552636,729.224666615695,732.122859148053,2.86458396708683,84.9002059913933,3,60561,1861.6,-68
2012-11-06 12:13:35,35.515039783333,24.02510315,52.5719823173814,744.261400630087,746.115839392676,2.87280625978295,85.9595406542027,4,60561,1861.6,-72
2012-09-22 17:52:48,35.5151671,24.025253766667,66.2205503673689,758.434292000249,761.319733471343,2.8815670868886,85.0100351836844,4,60561,1861.6,-86
2012-12-09 00:51:10,35.5152965,24.025135233333,55.4793070009288,772.839100000107,774.827869913234,2.88920523353887,85.893987939595,4,60562,1860.2,-87
2013-03-19 12:14:04,35.5155236,24.025154833333,57.2554180989323,798.119872000507,800.170927354767,2.90318276808926,85.8967521710178,4,60561,1861.6,-80
2012-09-22 17:52:42,35.515564733333,24.02515845,57.5831529148598,802.698834629985,804.76160359199,2.90566724735161,85.8968054454078,4,60561,1861.6,-86
2012-09-22 16:23:16,35.515783283333,24.025230766667,64.1363383648988,827.02782062994,829.510992087968,2.9188221453592,85.5655648237621,4,60562,1860.2,-93
2012-09-13 14:52:11,35.51584835,24.025226583333,63.7572533678573,834.271042000196,836.703746183263,2.92257171346172,85.6297960420669,4,60561,1861.6,-89
2013-03-20 21:20:50,35.512229666667,24.025279933333,68.5917190345487,431.439213370404,436.857664181124,2.64033995932756,80.9665190998537,3,60562,1860.2,-79
2012-09-20 11:42:59,35.512443661547,24.025301033013,70.5037280045298,455.261123412716,460.688035609288,2.66340693346749,81.1968557618916,3,60562,1860.2,-56
2013-01-17 00:07:28,35.514211034,24.025297904,70.2201833760082,652.00502488019,655.775439172875,2.81675514696061,83.8530044862445,3,60561,1861.6,-75
2012-10-02 19:57:47,35.51425085,24.025394583333,78.9810627778896,656.437342000699,661.171681373657,2.82031424404258,83.1392800752451,3,60562,1860.2,-60
2012-09-19 17:44:35,35.514361916683,24.025321534352,72.3615165614264,668.801285151961,672.704502809357,2.82782433468252,83.8248563778267,3,60562,1860.2,-67
2012-10-27 18:13:07,35.514532732,24.025350658,75.0006407668192,687.816446240243,691.893459886702,2.84003922546035,83.7769600482073,3,60562,1860.2,-76
2012-09-22 19:05:34,35.514736483333,24.025322333333,72.4339185525012,710.498044630222,714.180750216806,2.85380814018988,84.1789161016853,3,60561,1861.6,-87
2012-09-22 17:52:54,35.514841,24.025363233333,76.1401912004194,722.13283999999,726.135777470362,2.8610178354284,83.9810903077875,3,60561,1861.6,-86
2012-12-13 18:18:21,35.514937683333,24.025306533333,71.0021555246502,732.89562863015,736.326903321024,2.86707066866958,84.4665137613136,4,60562,1860.2,-91
2013-04-06 07:18:47,35.515073883333,24.02531365,71.6470530367877,748.057412630153,751.480666950105,2.87591781214197,84.5290429173549,4,60561,1861.6,-79
2013-03-13 23:19:19,35.515183066667,24.02533285,73.3869169694272,760.2117013707,763.745684428536,2.88294876926152,84.486046715003,4,60561,1861.6,-80
2012-09-22 16:23:10,35.515394283333,24.025309233333,71.2468238901324,783.724340630116,786.956130931414,2.89595052317808,84.8056322482564,4,60562,1860.2,-94
2013-04-07 22:45:54,35.5154855875,24.025357335,75.6056965727998,793.888320500591,797.480336297709,2.90171998333714,84.5598621453418,4,60561,1861.6,-79
2013-04-06 11:20:08,35.5156398475,24.025399885,79.4614887775625,811.060543700043,814.943761093829,2.91112763930519,84.4044566438891,4,60562,1878.6,-84
2013-04-07 19:56:07,35.515701603333,24.025411493333,80.5134116892955,817.935203029832,821.888317119365,2.91481280713362,84.3782034205999,4,60561,1861.6,-79
2013-02-12 15:41:44,35.51589419868,24.025410380978,80.4126124004167,839.374917058107,843.217907553773,2.92593982114789,84.5277307792546,4,60561,1861.6,-77
2012-09-21 12:17:51,35.512358606682,24.025501452698,88.6653416143173,445.792815840522,454.524782007104,2.6575575671961,78.7510339222414,3,60562,1860.2,-85
2012-10-02 19:54:41,35.512748716667,24.025523733333,90.6843662618902,489.219859370536,497.55374090328,2.6968399958702,79.4985478945274,3,60562,1860.2,-60
2012-09-18 00:56:52,35.513010998082,24.025583265964,96.0790890476985,518.417026488826,527.245108754696,2.72201255948654,79.5004089718687,3,60561,1861.6,-68
2012-09-22 17:53:57,35.514180416667,24.025574966667,95.3270240731534,648.596703371072,655.564585027643,2.81661548403435,81.6388561952585,3,60561,1861.6,-72
2012-11-04 15:31:45,35.514338183333,24.02556635,94.5461996909817,666.159288630165,672.835181678436,2.82790869207841,81.9221140947702,3,60561,1861.6,-87
2012-10-15 00:25:58,35.514410566667,24.025517283333,90.0998807219663,674.217001371088,680.210668428491,2.83264343912756,82.3883005322188,3,60561,1861.6,-77
2012-09-22 19:05:46,35.514560066667,24.025490516667,87.6743413069016,690.859341370992,696.400330042398,2.8428589682689,82.7674714334985,3,60561,1861.6,-87
2012-09-15 20:04:29,35.514652266667,24.025459416667,84.8561242079851,701.123045370707,706.239397488907,2.84895194097387,83.0991210585791,3,60561,1861.6,-76
2013-04-03 10:21:13,35.514803666667,24.02553005,91.2567694436218,717.976893370709,723.75314671754,2.85959046495531,82.7563946820722,3,60562,1878.6,-80
2012-09-22 16:23:04,35.51499245,24.025510433333,89.4791480170004,738.992254000453,744.389729511711,2.87180037245556,83.0960831571652,4,60562,1860.2,-87
2013-04-03 07:41:03,35.515291816667,24.025474016667,86.1791457400662,772.317751370983,777.111030833574,2.89048307367018,83.632983848453,4,60562,1878.6,-78
2012-09-13 14:52:04,35.515305916667,24.02551195,89.6165852153307,773.887363371134,779.058908896613,2.89157029829059,83.3945380621014,4,60561,1861.6,-94
2013-02-23 17:51:56,35.515517723333,24.02548636,87.2976728176845,797.465681429656,802.229640899318,2.90429870431877,83.752770519434,4,60561,1861.6,-85
2013-03-08 20:07:56,35.51558767,24.025489623333,87.5933892443425,805.252144400565,810.002233269156,2.90848621628005,83.7919121515421,4,60561,1861.6,-85
2013-03-13 22:59:59,35.515757738,24.025587148,96.4308710489136,824.18411416008,829.806222515285,2.91897668717399,83.3266423572495,4,60561,1861.6,-86
2012-12-13 17:45:15,35.510407583333,24.02570035,106.689000054094,228.604896629732,252.275130553197,2.40187443959461,64.9817245232631,3,60562,1860.2,-91
2013-03-14 10:51:26,35.512159954737,24.025672956529,104.206660877902,423.678881323281,436.30588198037,2.63979106789032,76.1819996618134,3,60562,1860.2,-67
2012-09-20 11:42:53,35.51228483428,24.025753352766,111.492000100349,437.580472050214,451.560777311387,2.65471621195752,75.7056390440558,3,60562,1860.2,-56
2013-03-20 21:21:47,35.5123431,24.025645166667,101.688401576655,444.066612000602,455.560848744609,2.65854639340358,77.1020141888368,3,60562,1860.2,-79
2012-10-02 19:54:48,35.512899233333,24.025654233333,102.510003928793,505.975374630085,516.255150712839,2.71286439767173,78.5469659814873,3,60562,1860.2,-60
2012-10-02 19:42:41,35.513013933333,24.025712816667,107.818703401485,518.743778629803,529.830143225453,2.72413666265144,78.2584866095883,3,60562,1860.2,-62
2012-10-02 20:12:41,35.513851366667,24.025618983333,99.3157224900707,611.966857370534,619.973424635034,2.79237307372128,80.7818712651819,3,60562,1860.2,-51
2013-02-14 13:33:08,35.514225516667,24.025685783333,105.368999088784,653.617235370419,662.055976743841,2.82089471053217,80.8421927586952,3,60561,1861.6,-78
2012-09-15 20:04:42,35.514418366667,24.025646783333,101.83490047562,675.085297370953,682.722861548745,2.83424444581086,81.4217530484337,3,60561,1861.6,-76
2012-10-02 19:33:54,35.514660716667,24.0256953,106.231379592461,702.063699371021,710.055310510837,2.85129217986563,81.3956734538147,3,60561,1861.6,-79
2012-09-13 14:51:58,35.514945033333,24.0256754,104.428083120837,733.713830629824,741.108095895452,2.86988155754354,81.8996064721892,4,60561,1861.6,-94
2013-04-03 10:25:00,35.515043483333,24.02570575,107.178336785059,744.673284630155,752.346659936678,2.87641799725004,81.8098535567913,4,60562,1878.6,-79
2013-04-06 04:56:51,35.5152077,24.025642016667,101.402955150099,762.95388400007,769.663035635703,2.88630062933598,82.4292814087002,4,60561,1861.6,-79
2013-03-13 22:22:26,35.515423276667,24.02560304,97.8709709248208,786.951878570832,793.014493017579,2.89928112449294,82.910687604427,4,60562,1860.2,-81
2013-04-03 10:21:01,35.515455965,24.025622745,99.6565969035271,790.590743800437,796.84701259986,2.90137494879716,82.8155684241621,4,60562,1878.6,-80
2013-04-08 12:04:34,35.51565535,24.025603483333,97.9111448361622,812.786282000653,818.662404469372,2.91310484669053,83.1310439315517,4,60561,1861.6,-80
2013-03-08 20:08:48,35.5157226475,24.0256422,101.419568404002,820.277839700184,826.523843067129,2.9172553863565,82.951691265177,4,60562,1860.2,-95
2012-09-27 19:21:18,35.505073533333,24.025831516667,118.575049693211,-365.181549370476,383.950005092289,2.58427467768499,-72.0113011401847,3,60563,1869.4,-90
2012-11-06 09:49:54,35.510354266667,24.0258447,119.769695818061,222.669685370865,252.83704004657,2.40284069741681,61.7250558767527,3,60562,1860.2,-92
2013-03-14 10:51:32,35.51212445527,24.02578478061,114.339925738623,419.727080656471,435.022345235642,2.638511565376,74.7615392785997,3,60562,1860.2,-67
2013-02-14 13:28:58,35.512456066667,24.025927416667,127.265307564665,456.642061370684,474.04475603301,2.67581934669639,74.4269435086343,3,60562,1860.2,-73
2013-02-14 13:28:45,35.512571116667,24.02590445,125.184116128966,469.449427370462,485.853710276504,2.68650552361718,75.0688560462189,3,60561,1861.6,-64
2013-02-14 13:28:19,35.512729816667,24.025929083333,127.416337359662,487.11591137047,503.504552249962,2.70200340142013,75.3414003122755,3,60561,1861.6,-64
2013-02-14 13:30:17,35.512775766667,24.025885933333,123.506174407014,492.231065370527,507.489110062925,2.7054267273925,75.914642577592,3,60561,1861.6,-66
2013-02-14 13:30:30,35.512948516667,24.025891466667,124.007593586958,511.461595371015,526.280197999784,2.72121702941075,76.3712166389075,3,60562,1860.2,-66
2013-02-14 13:27:40,35.513094166667,24.025927,127.227550070683,527.675353371052,542.796580730067,2.73463710321994,76.4441734239877,3,60562,1860.2,-82
2012-10-02 19:42:47,35.5132203,24.025786166667,114.465527331544,541.71651600037,553.67783110295,2.74325713499396,78.0688172960471,3,60562,1860.2,-62
2013-02-14 13:26:53,35.5133985,24.025884733333,123.397432911245,561.553740000433,574.951762635405,2.75963140973304,77.6066343255874,3,60562,1860.2,-82
2012-10-02 19:42:54,35.51346985,24.025789016667,114.723788384159,569.496422000313,580.936934866747,2.76412898897217,78.6103286934986,3,60562,1860.2,-62
2013-02-14 13:26:21,35.513650466667,24.025869416667,122.009468601704,589.602669370997,602.094359845594,2.77966455894704,78.3085145970988,3,60562,1860.2,-82
2013-02-14 13:26:08,35.513715816667,24.02580815,116.457611092147,596.877431370981,608.13242247171,2.78399815836282,78.9596403552966,3,60562,1860.2,-82
2013-02-14 13:32:22,35.51382815,24.02586585,121.686264681165,609.382378000539,621.413251894137,2.79338051052683,78.7072648511271,3,60562,1860.2,-66
2013-02-14 13:32:42,35.51402455,24.0258374,119.10818505202,631.24562600055,642.384464391234,2.80779502929624,79.3146286203203,3,60561,1861.6,-78
2013-02-14 13:33:01,35.514114483333,24.025828416667,118.294134162364,641.257004630233,652.076719538861,2.81429869529059,79.5480208078713,3,60561,1861.6,-78
2012-12-04 17:42:07,35.5142594,24.025895816667,124.401781508963,657.389128000353,669.056252385155,2.82546263357265,79.2842798362091,3,60561,1861.6,-89
2012-09-13 16:17:04,35.5143568,24.025776316667,113.572940886832,668.231696000504,677.814438059115,2.83111081546421,80.3541586695553,3,60561,1861.6,-68
2012-09-13 14:51:52,35.51465715,24.025860983333,121.245257473757,701.66665800009,712.064962913422,2.85251961687819,80.1963224672544,3,60561,1861.6,-94
2013-03-14 10:35:14,35.515143916667,24.025798716667,115.602782141739,755.853523370788,764.642761053124,2.88345858137609,81.3043745336561,4,60561,1861.6,-89
2013-03-14 10:12:57,35.515289716667,24.025811616667,116.771753221265,772.083979370624,780.864465545172,2.89257566003112,81.3996350996736,4,60561,1861.6,-89
2013-04-06 08:25:26,35.515360283333,24.025845416667,119.834638685985,779.93946063018,789.091821575346,2.89712754222495,81.2650365606723,4,60561,1861.6,-79
2013-04-03 20:40:33,35.5155247,24.025922066667,126.780501729411,798.242324000356,808.247550843335,2.9075443972838,80.9754006688244,4,60561,1861.6,-78
2013-03-13 23:04:25,35.51571614,24.025773306667,113.300180968201,819.553424800558,827.348020551056,2.91768823217834,82.1289645804493,4,60561,1861.6,-86
2012-09-27 19:21:24,35.504812766667,24.0259892,132.86398426916,-394.210094629096,415.998121418061,2.61909136942575,-71.3742019597196,3,60563,1869.4,-90
2012-09-24 12:17:56,35.512046033615,24.026048400901,138.228646374645,410.997182022162,433.61946716992,2.63710877144244,71.410918598725,3,60562,1860.2,-84
2012-09-21 12:17:44,35.512213776284,24.025965671372,130.731869100168,429.67029593518,449.118452980334,2.65236089933547,73.0770455470866,3,60562,1860.2,-85
2013-02-14 13:29:31,35.512350966667,24.0259583,130.063890752442,444.942329370799,463.56260865559,2.66610839815124,73.7054987379434,3,60561,1861.6,-76
2013-02-14 13:28:12,35.51278375,24.025944533333,128.81638411786,493.119769999989,509.667311470965,2.70728678013956,75.359932843697,3,60561,1861.6,-64
2012-09-18 00:57:04,35.512902082126,24.0260236065,135.981829498089,506.29250226632,524.235782644354,2.71952666116346,74.9660949456501,3,60561,1861.6,-68
2013-02-14 13:27:46,35.51303635,24.025933116667,127.781829669893,521.23920200034,536.673552260345,2.7297101934044,76.2255878185669,3,60562,1860.2,-64
2013-02-14 13:27:20,35.51321245,24.02593855,128.274186967629,540.842654000045,555.846240814866,2.74495467287568,76.6574267054714,3,60562,1860.2,-82
2013-02-14 13:31:22,35.5133374,24.025939133333,128.327047386896,554.752088000046,569.401185660383,2.75541836714045,76.9752497249279,3,60562,1860.2,-66
2013-02-14 13:31:36,35.51348855,24.025933133333,127.783339908046,571.578106000119,585.687726708302,2.76766612333015,77.3980432197293,3,60562,1860.2,-66
2012-09-22 17:54:04,35.5142047,24.025942466667,128.62910715782,651.299924000382,663.880289066576,2.82208977442083,78.8280862434278,3,60561,1861.6,-72
2012-10-02 20:21:53,35.514522316667,24.026008183333,134.584214290338,686.657011370528,699.721917621889,2.84492547767541,78.9106494579201,3,60561,1861.6,-69
2012-10-02 19:33:48,35.514668116667,24.026021416667,135.783391401365,702.887467371156,715.88261689183,2.85484181697907,79.0663158236119,3,60561,1861.6,-79
2013-04-06 08:13:40,35.51501895,24.0260079,134.558539245014,741.942234000124,754.045276543025,2.87739742380405,79.7205752020433,4,60561,1861.6,-79
2013-04-06 10:37:02,35.515505183333,24.025979183333,131.956294808697,796.069728629637,806.932138770109,2.90683701304066,80.5882450295397,4,60562,1878.6,-84
2012-11-04 15:31:39,35.514308533333,24.026138883333,146.427975539762,662.858650629955,678.839261339265,2.8317669522224,77.5431991468177,3,60561,1861.6,-87
2013-02-14 13:37:35,35.514434116667,24.0262599,157.394253360223,676.838587370481,694.898139545999,2.84192114894238,76.908915589418,3,60561,1861.6,-83
2012-09-13 14:51:46,35.514584216667,24.026197733333,151.760839728839,693.547719370374,709.957598395179,2.8512324116305,77.6571855265158,3,60561,1861.6,-83
2012-10-02 19:33:16,35.51466725,24.026138883333,146.427975539762,702.790990000574,717.883227026973,2.85605380638404,78.2306807898894,3,60561,1861.6,-79
2012-09-27 19:21:30,35.504311433333,24.0262707,158.372926822474,-450.018521370005,477.073006495193,2.67858484422224,-70.6117370449681,3,60563,1869.4,-88
2012-09-24 12:17:50,35.511897115784,24.02638967359,169.154065268777,394.41964907545,429.161924422187,2.63262118406078,66.7870432988388,3,60562,1860.2,-84
2012-09-13 16:17:10,35.5144103,24.026394916667,169.629181965203,674.187316000496,695.199680976722,2.84210956414533,75.8772163757711,3,60561,1861.6,-68
2012-10-02 20:22:11,35.5145688,24.0263526,165.794533909732,691.831536000243,711.420200499537,2.85212619264752,76.5234562064746,3,60561,1861.6,-69
2012-10-02 19:33:03,35.5146608,24.026297616667,160.812059015136,702.072976000488,720.25480349309,2.85748616334063,77.0987684694855,3,60561,1861.6,-79
2012-09-21 12:17:38,35.511986418308,24.026450404775,174.657398517115,404.360806046694,440.46891868042,2.64391526820363,66.6388163437502,3,60562,1860.2,-85
2013-03-01 10:39:35,35.514481126667,24.026526246667,181.530032499809,682.07174057081,705.815140093124,2.84869096996101,75.0964875387161,3,60561,1861.6,-83
2012-09-13 14:51:33,35.5145861,24.026558366667,184.440679870388,693.757372000601,717.85629174385,2.8560375111652,75.1118692855613,3,60561,1861.6,-83
2012-09-24 12:17:44,35.511736317876,24.026731402832,200.120856043,376.519625956662,426.398154022655,2.62981531586019,62.0092755460954,3,60562,1860.2,-91
2012-12-04 17:42:13,35.514366716667,24.026669916667,194.549108082882,669.335619370599,697.036244978745,2.84325536143374,73.7929641410966,3,60561,1861.6,-89
2012-10-30 19:14:56,35.514509262,24.026681198,195.571398936815,685.203765840006,712.567451406131,2.85282598080261,74.0701523271422,3,60562,1860.2,-79
2012-10-02 19:32:57,35.514721333333,24.0266303,190.959128393216,708.811546629893,734.083917105229,2.86574570930648,74.9220720886129,3,60561,1861.6,-79
2012-09-21 12:17:32,35.51177835482,24.026830845965,209.132185233379,381.199178562984,434.797751417349,2.6382872894401,61.2500976901268,3,60562,1860.2,-95
2013-03-23 15:26:11,35.512954711914,24.026922225952,217.412848959307,512.151250266643,556.387679628412,2.74537750462584,66.9983372429462,3,60562,1860.2,-73
2012-12-12 12:29:05,35.514470316667,24.026859483333,211.727243759536,680.868371370906,713.028866795223,2.85310711251119,72.7260571686437,3,60561,1861.6,-70
2012-12-05 11:26:03,35.514599533333,24.026909833333,216.289855687125,695.252770629639,728.119301173473,2.86220254359387,72.7193286160514,3,60562,1860.2,-75
2013-03-21 01:37:20,35.516094207764,24.026884078979,213.956049872762,861.639928288662,887.806599039705,2.94831836879915,76.0547864459162,4,60562,1860.2,-95
2013-03-23 15:25:38,35.511798858643,24.02698135376,222.770887529818,383.481664138789,443.491888382953,2.64688568084702,59.8469823092593,3,60562,1860.2,-85
2013-03-23 15:25:44,35.511974334717,24.0269947052,223.980767160224,403.015660697091,461.073754213786,2.66377040149823,60.936360453194,3,60562,1860.2,-85
2013-03-23 15:25:51,35.512142181396,24.027051925659,229.165965744487,421.700353003179,479.946067364458,2.68119243745478,61.478875215028,3,60562,1860.2,-81
2013-03-23 15:26:04,35.512641906738,24.026988983154,223.46224729259,477.329778074154,527.047524423914,2.72184977776375,64.9133254937659,3,60562,1860.2,-81
2012-09-13 16:17:17,35.514475866667,24.027018766667,226.161167087084,681.486197370612,718.033641763983,2.85614479255732,71.6408197918988,3,60561,1861.6,-68
2012-09-13 14:51:27,35.514552883333,24.026954033333,220.29516744841,690.059692630253,724.370305985883,2.85996063903187,72.2947985604884,3,60561,1861.6,-87
2012-10-02 19:32:32,35.514828166667,24.026942166667,219.219834939369,720.704233370942,753.30732641442,2.87697219125561,73.0815774227281,3,60561,1861.6,-86
2013-03-21 01:29:52,35.516033172607,24.026987075806,223.289407397452,854.84549461186,883.526445056457,2.94621955301676,75.3611650628232,4,60562,1860.2,-95
2012-09-21 12:17:07,35.51148195703,24.027212428213,243.710372244401,348.204176579923,425.018698561848,2.62840803711759,55.0115747329468,3,60562,1860.2,-95
2012-09-21 12:17:25,35.511638203401,24.027143730684,237.48514552726,365.597522599505,435.959565644567,2.63944621121408,56.9930187336701,3,60562,1860.2,-95
2012-10-26 15:42:41,35.51427442,24.027190205,241.696551058601,659.061154400276,701.982071019658,2.84632602016875,69.8605704490023,3,60567,1860.2,-101
2012-10-26 15:48:47,35.51445118,24.027155826667,238.581258264217,678.738077600523,719.448674180299,2.85699981659734,70.6330626663475,3,60561,1861.6,-81
2012-12-02 16:05:54,35.514579532,24.027253706,247.450879161868,693.02622224022,735.878578510431,2.86680616075983,70.3504643857751,3,60562,1860.2,-80
2012-10-02 20:23:21,35.5148303,24.0271498,238.035134277543,720.941716000308,759.221761424155,2.88036864769503,71.7281972111185,3,60561,1861.6,-69
2013-03-21 01:24:48,35.515895843506,24.027210235596,243.511681867515,839.55801908841,874.159943386564,2.9415909019423,73.8253320204773,4,60562,1860.2,-95
2012-09-21 12:17:00,35.511381591699,24.027359742888,257.059720669866,337.031507932917,423.874907644231,2.62723770816012,52.6666117808123,3,60562,1860.2,-95
2012-11-08 09:34:31,35.51147036022,24.027261281276,248.137334864671,346.913219690987,426.521885663689,2.62994132056594,54.4249184246191,3,60562,1860.2,-85
2012-10-12 21:09:01,35.514466433333,24.027329716667,254.338807183114,680.436078629713,726.416881646008,2.86118592846528,69.5048626041261,3,60561,1861.6,-85
2013-03-19 12:16:24,35.5145868,24.027347566667,255.956336932852,693.83529599993,739.541117444726,2.86896232516581,69.7509462042823,3,60561,1861.6,-76
2013-01-25 16:33:39,35.51479664375,24.0272842475,250.218486156446,717.195102250671,759.590748697464,2.88057966668358,70.7668955638133,3,60561,1861.6,-75
2012-09-24 12:17:31,35.511411962526,24.027515857162,271.206470393772,340.412388394356,435.239639458308,2.63872844186946,51.4556759452706,3,60562,1860.2,-91
2013-03-14 10:53:26,35.511529327758,24.027446439535,264.915989898855,353.477486020659,441.731609495602,2.64515847767889,53.1500383146524,3,60562,1860.2,-67
2012-10-27 18:30:00,35.513735995,24.02751308,270.954809768603,599.123683400053,657.545205250245,2.81792561528479,65.6650495227899,3,60562,1860.2,-89
2012-09-13 16:17:23,35.514533933333,24.02746445,266.548060651982,687.950178629725,737.782703046096,2.86792846918885,68.8210135898772,3,60561,1861.6,-68
2012-12-05 11:25:38,35.514626366667,24.027443966667,264.691903761091,698.239857371025,746.726658381888,2.87316165605771,69.2390587853113,3,60561,1861.6,-77
2012-10-02 20:23:46,35.51487875,24.0274761,267.603759340349,726.335170000454,774.063660943127,2.88877667962266,69.7746827556562,3,60561,1861.6,-83
2013-03-21 01:18:13,35.515354156494,24.027570724487,276.178432885531,779.257420912239,826.750660621389,2.91737455061218,70.4850461027752,4,60561,1861.6,-84
2013-03-21 01:18:19,35.515552520752,24.027530670166,272.548793903847,801.339330113283,846.420443423271,2.92758614424534,71.2159794938027,4,60561,1861.6,-84
2013-03-24 17:22:05,35.515636444092,24.027563095093,275.487073122758,810.681676322091,856.211368636354,2.93258099002861,71.2311341821385,4,60561,1861.6,-87
2013-03-24 17:21:52,35.51579284668,24.027551651001,274.450033387813,828.09241241794,872.38745080998,2.94070940967698,71.6635437727638,4,60561,1861.6,-76
2012-12-13 17:44:28,35.5101729,24.0276032,279.121296102464,202.479948000391,344.828692657905,2.53760339562295,35.9578521389396,3,60562,1860.2,-91
2012-11-08 09:34:50,35.511326368499,24.027619104704,280.562547188306,330.884061308873,433.819783911527,2.63730935368944,49.7047889345513,3,60562,1860.2,-83
2013-03-14 10:53:38,35.511432502666,24.027644873591,282.897669952532,342.698916779103,444.380061688351,2.64775456491108,50.4603553608125,3,60562,1860.2,-67
2012-10-27 18:30:54,35.513104151111,24.027654684444,283.786708977448,528.786821676986,600.125319388792,2.77824195011032,61.7786532588421,3,60562,1860.2,-69
2012-12-13 17:39:21,35.514593433333,24.027623666667,280.975942755202,694.573718629613,749.253048721287,2.87462851877169,67.9751881384156,3,60561,1861.6,-82
2012-10-26 16:06:34,35.514662211538,24.027637498462,282.229351153141,702.230108410776,756.822655455645,2.87899412417611,68.1045898147716,3,60561,1861.6,-76
2012-11-02 14:49:33,35.514925060909,24.027630684545,281.611888214147,731.490500390245,783.826261198684,2.89421980992368,68.9441098988789,4,60561,1861.6,-79
2012-11-02 15:01:33,35.515118493,24.027642462,282.679136608585,753.023360760635,804.333062931654,2.90543592118749,69.424253658567,4,60561,1861.6,-86
2012-09-26 16:38:31,35.515173366667,24.0276256,281.151137357049,759.131897370737,809.522822187773,2.90822909695659,69.6774488722516,4,60561,1861.6,-97
2012-11-17 19:31:04,35.51542074,24.02771682,289.417303394936,786.669496800688,838.219107811939,2.92335755666807,69.8013288428705,4,60562,1860.2,-88
2012-11-02 11:42:56,35.51545509,24.0277062025,288.455167702078,790.493338800683,841.478521688038,2.9250430353072,69.9527086634802,4,60561,1861.6,-87
2013-03-24 17:21:39,35.515808105469,24.027713775635,289.141429391904,829.791020809258,878.724020615383,2.94385249834633,70.7890625843621,4,60561,1861.6,-76
2012-09-26 16:42:24,35.515913016667,24.027723766667,290.04679586185,841.469735370723,890.055312514115,2.94941699672719,70.9814035567028,4,60561,1861.6,-69
2012-09-21 12:16:54,35.511188135581,24.027793470733,296.363232861241,315.495972877388,432.861264949656,2.63634872424863,46.7910462982543,3,60562,1860.2,-95
2012-10-12 21:08:54,35.514475116667,24.027756933333,293.052289921128,681.402707370822,741.747459881261,2.8702560677473,66.7288091294123,3,60561,1861.6,-85
2012-09-13 16:17:29,35.5145186,24.027834733333,300.102363564613,686.243272000589,748.993495955167,2.87447804642704,66.379667778438,3,60561,1861.6,-68
2012-10-14 18:35:13,35.5146509,24.027872616667,303.535272235276,700.970908000265,763.867708018646,2.88301815091557,66.5863649448048,3,60561,1861.6,-73
2012-10-26 15:37:51,35.515127032143,24.027886767143,304.81755884038,753.973938158978,813.259149103388,2.91022895776117,67.9874376481138,4,60561,1861.6,-80
2012-10-24 18:46:02,35.515410408333,24.027754071667,292.792971720286,785.519375629539,838.312837655619,2.92340611685692,69.5576605418897,4,60561,1861.6,-69
2012-09-12 17:59:33,35.51553474,24.0278543575,301.8806646258,799.359976800286,854.463754752107,2.93169364523697,69.3108076813389,4,60567,1860.2,-70
2012-09-12 20:28:31,35.515576533333,24.027875866667,303.829780452932,804.012410629516,859.504794597658,2.93424830366588,69.2988272083193,4,60567,1862,-85
2013-03-24 17:21:32,35.51579284668,24.027824401855,299.16614658858,828.09241241794,880.475682099638,2.94471736566868,70.1366590715761,4,60561,1861.6,-76
2012-11-08 09:34:56,35.511068858339,24.027944377408,310.038080831295,302.218030297972,432.965760081254,2.63645355271424,44.2682285721192,3,60562,1860.2,-83
2012-12-05 11:25:31,35.514690833333,24.02804215,318.898029082113,705.416286629764,774.149914677372,2.88882507026004,65.673668444485,3,60561,1861.6,-77
2012-10-26 15:37:32,35.51521859,24.027985802,313.791890911517,764.166158800711,826.084299002262,2.91702436780883,67.6753257134147,4,60561,1861.6,-80
2013-01-28 14:43:54,35.51542193,24.02793762,309.425738619808,786.801967600575,845.459415903891,2.92709276524894,68.5317661654145,4,60561,1861.6,-82
2012-12-08 08:02:59,35.515551156667,24.02806398,320.876218126111,801.187480170927,863.054416442877,2.93603817927931,68.1738593470717,4,60562,1860.2,-84
2012-12-17 22:30:00,35.515565033333,24.028041293333,318.820399706263,802.732230629584,863.727666200643,2.93637683077737,68.3385555967207,4,60561,1861.6,-85
2012-09-13 16:40:48,35.515772716667,24.027967516667,312.134912193803,825.851539370922,882.86973472396,2.9458966292129,69.2956521103202,4,60561,1861.6,-95
2012-09-12 20:30:09,35.51583305,24.027978316667,313.113585655732,832.567846000067,889.499486068081,2.94914570149486,69.3896349473684,4,60561,1861.6,-82
2012-10-14 18:35:20,35.514697366667,24.028214666667,334.531129430222,706.143577370845,781.376879885727,2.89286055676514,64.6510363931897,3,60561,1861.6,-73
2013-03-19 12:20:06,35.5149498,24.028116516667,325.636981254039,734.244455999943,803.215017742382,2.90483181989765,66.0827421021704,4,60561,1861.6,-67
2013-03-21 01:17:53,35.515254974365,24.028202056885,333.388457299962,768.216466312113,837.439193359087,2.92295328263744,66.5402541328875,4,60561,1861.6,-77
2012-09-27 19:46:20,35.515533583333,24.028234166667,336.298178736804,799.231216630197,867.102648282126,2.93807051263621,67.1797575371353,4,60561,1861.6,-93
2012-09-12 23:09:25,35.5156372825,24.0282276125,335.704253800688,810.775007900543,877.52689956263,2.94326043813223,67.5078268425608,4,60567,1860.2,-82
2012-09-12 23:08:29,35.515720174,24.028230686,335.982767956798,820.002489680538,886.165054290786,2.94751461973315,67.7194273727675,4,60561,1861.6,-97
2012-11-08 09:35:02,35.510886987886,24.028297089249,342.000091808005,281.972211470222,443.252062418317,2.64665076501703,39.5048965166223,3,60562,1860.2,-83
2012-10-12 21:08:48,35.514513816667,24.028293833333,341.70504749444,685.710791370544,766.134210752396,2.88430485564246,63.5118959154683,3,60561,1861.6,-85
2012-09-22 16:22:16,35.514731983333,24.028349266667,346.728300540898,709.997104629905,790.136952039852,2.89770237275926,63.9713507486897,3,60561,1861.6,-73
2012-12-13 18:20:15,35.51478195,24.028375166667,349.075304491693,715.559394000292,796.165067399992,2.90100311852786,63.9952349838423,3,60561,1861.6,-87
2013-04-10 18:14:41,35.515391473333,24.02839535,350.904276008642,783.411531429545,858.409831314818,2.93369468293427,65.8715243237989,4,60561,1861.6,-72
2012-10-26 15:37:19,35.515549275714,24.028343072857,346.167030404376,800.978092482916,872.580951875844,2.94080572826402,66.62694565714,4,60561,1861.6,-80
2012-10-30 13:13:51,35.515696266667,24.0282933,341.656717971206,817.341125370736,885.875740810842,2.94737280894714,67.3145874480634,4,60561,1861.6,-94
2012-09-19 11:57:29,35.51577355,24.02833265,345.222532853701,825.944306000179,895.18858002325,2.95191453323374,67.3163826555553,4,60561,1861.6,-93
2012-11-08 09:35:15,35.510802220667,24.028556416054,365.499745702176,272.535924651084,455.92312327165,2.65889161908202,36.7101575555237,3,60562,1860.2,-83
2012-12-12 11:30:05,35.514597433333,24.028452733333,356.104233895099,695.018998630071,780.936382719337,2.89261565646466,62.8709327855122,3,60561,1861.6,-77
2013-02-14 13:38:19,35.514643733333,24.028447,355.5846912231,700.173114630188,785.291578385485,2.89503094002163,63.0761468376153,3,60562,1860.2,-89
2012-10-14 18:35:26,35.514781966667,24.02853555,363.608907433125,715.561249370955,802.645213756385,2.90452362030168,63.062824830783,3,60561,1861.6,-73
2012-09-13 16:40:36,35.515805583333,24.028427366667,353.805559558325,829.510256629684,901.812419424474,2.95511621195345,66.9006164532752,4,60561,1861.6,-87
2012-12-05 11:25:25,35.51473015,24.028653733333,374.318434439446,709.793018000139,802.446520811788,2.90441609840992,62.1945031816789,3,60561,1861.6,-77
2012-10-04 18:20:09,35.515193216667,24.028592583333,368.777149049929,761.341599370853,845.953672841464,2.9273465803201,64.1554715262688,4,60561,1861.6,-90
2012-09-27 19:45:11,35.515812316667,24.028672633333,376.031112997821,830.259811371024,911.4443221175,2.95973014382403,65.6338587793447,4,60561,1861.6,-81
2013-03-24 17:20:39,35.51583480835,24.028591156006,368.647807655825,832.763585522344,910.712026637112,2.95938107179891,66.1219846433331,4,60561,1861.6,-76
2012-11-08 09:35:21,35.510700286078,24.02881473724,388.908272501653,261.188566203124,468.475305150083,2.67068670275909,33.8850829691769,3,60562,1860.2,-83
2012-09-20 10:02:29,35.510920107151,24.028855743453,392.624169950077,285.659048049805,485.545909839336,2.68623030004679,36.0382715788418,3,60562,1860.2,-84
2012-12-08 21:28:43,35.514794133333,24.0289006,396.688976630541,716.915642629681,819.347412778801,2.91346808669441,61.0430482934146,3,60561,1861.6,-104
2013-03-21 01:17:40,35.51496887207,24.028835296631,390.771321609854,736.367558832709,833.630258264391,2.92097346982153,62.0462577160018,4,60561,1861.6,-77
2013-03-19 12:20:13,35.515037116667,24.028854266667,392.490346684566,743.964547371064,841.149166310948,2.92487301881965,62.1853981031802,4,60561,1861.6,-67
2013-03-21 01:17:47,35.51530456543,24.028778076172,385.586123025269,773.73694366794,864.491478423161,2.93676071664749,63.5109662575566,4,60561,1861.6,-77
2013-03-24 17:20:26,35.515823364258,24.028760910034,384.030563422689,831.489629200577,915.889991817173,2.96184331338854,65.209743952096,4,60561,1861.6,-76
2012-10-01 14:10:27,35.515877183333,24.0288263,389.956065682944,837.480768629493,923.818039977119,2.9655864387354,65.0319063766197,4,60561,1861.6,-83
2013-02-14 13:38:25,35.514725816667,24.028961766667,402.231772348676,709.310631371075,815.421345356369,2.91138207582984,60.4435455331371,3,60561,1861.6,-89
2013-03-05 01:39:08,35.514852833333,24.028944366667,400.655020660014,723.45012663011,826.985206216652,2.91749774060945,61.0218104985455,3,60561,1861.6,-71
2013-03-05 01:39:27,35.515625716667,24.029019666667,407.478549520538,809.487499371107,906.260878531921,2.95725323277412,63.2803021911402,4,60561,1861.6,-87
2012-10-30 13:13:39,35.5157872,24.02906095,411.219559005202,827.463824000139,924.011853677952,2.96567754259879,63.5742873356732,4,60561,1861.6,-94
2012-09-27 19:45:05,35.51589005,24.029037583333,409.102120404139,838.913086000657,933.348654460008,2.97004390572201,64.0034832040644,4,60561,1861.6,-81
2012-11-08 09:35:27,35.510542373365,24.02917668707,421.707410763097,243.60972299196,487.014206598467,2.68754163012086,30.0139415670474,3,60562,1860.2,-88
2012-12-02 16:06:07,35.514882534,24.029175808,421.627751274429,726.756404880504,840.205232475713,2.92438538182974,59.879834928094,3,60562,1860.2,-83
2012-09-22 16:22:10,35.514951516667,24.029204566667,424.233801663091,734.435555370444,848.156768213172,2.92847613206503,59.9878760963061,4,60561,1861.6,-73
2013-03-05 01:39:14,35.515038566667,24.029236266667,427.106389509893,744.125961370973,857.987945338657,2.93348118608917,60.1454451487234,4,60561,1861.6,-71
2013-03-05 01:39:20,35.515353066667,24.029172983333,421.371785845542,779.136101370379,885.780585904486,2.94732615740398,61.5946248878201,4,60561,1861.6,-87
2012-09-16 18:36:57,35.51558303833,24.029228210449,426.376351846781,804.736546895921,910.712744680857,2.95938141421485,62.0838601217687,4,60561,1861.6,-77
2012-09-16 18:36:24,35.515747070312,24.029235839844,427.067711700341,822.996587132456,927.20559360297,2.96717604295508,62.5743905303967,4,60561,1861.6,-83
2012-10-01 14:10:21,35.5159473,24.0292314,426.665382302485,845.286156000386,946.864316563484,2.9762877500808,63.2172501185875,4,60561,1861.6,-83
2012-09-20 10:02:35,35.510713408596,24.029296189056,432.536431352627,262.649364906711,506.036019798161,2.70418143115368,31.2674055947133,3,60562,1860.2,-72
2012-12-13 17:32:15,35.514751766667,24.029256983333,428.983690550397,712.199385370426,831.417447062696,2.91981913381411,58.9379096132941,3,60561,1861.6,-94
2013-03-21 01:17:34,35.514869689941,24.029270172119,430.178830814713,725.326604232582,843.298588454103,2.92598137338876,59.3285437216054,3,60561,1861.6,-77
2013-03-13 22:16:27,35.514894052,24.029264458,429.661029275553,728.038588640601,845.369023934475,2.92704633033852,59.4524917924794,3,60561,1861.6,-77
2013-03-24 17:19:40,35.515960693359,24.029399871826,441.931947600215,846.777104724028,955.162452881459,2.9800772421491,62.4399983429267,4,60561,1861.6,-76
2012-12-12 11:29:58,35.51476745,24.029451333333,446.5952819723,713.945254000413,842.119452090754,2.92537369922455,57.9727213521183,3,60561,1861.6,-77
2012-12-09 00:52:57,35.514978416667,24.029516283333,452.480915431647,737.430063370635,865.183262200952,2.93710810900552,58.4670700216629,4,60561,1861.6,-82
2012-09-27 19:44:59,35.516029266667,24.029433716667,444.998896462641,854.41068537048,963.34917715656,2.98378373076534,62.4883491555388,4,60561,1861.6,-81
2012-09-18 00:58:57,35.513107405089,24.029612977919,461.243177028616,529.149054508038,701.957256705992,2.84631066805305,48.9223252166697,3,60561,1861.6,-68
2012-09-19 15:15:26,35.514514923096,24.029573440552,457.660383339252,685.833959047217,824.512732382352,2.91619736654294,56.2846223055881,3,60561,1861.6,-102
2013-02-14 13:39:23,35.515015866667,24.029634483333,463.191952766587,741.598997370709,874.365974869199,2.94169324910854,58.0116995238263,4,60561,1861.6,-89
2013-03-01 11:55:48,35.515029923333,24.029615556667,461.476857790853,743.163785430232,874.787575501339,2.94190260617913,58.1612687520786,4,60561,1861.6,-91
2012-09-16 18:37:44,35.515525817871,24.029573440552,457.660383339252,798.366765400198,920.240467798393,2.96390132755419,60.1766906777657,4,60561,1861.6,-85
2012-09-16 19:10:23,35.515670776367,24.029661178589,465.611021156501,814.503545175072,938.19488813634,2.97229306231373,60.2455519396714,4,60561,1861.6,-83
2012-10-01 14:10:08,35.5159065,24.029736166667,472.406284296539,840.744300000305,964.374758807936,2.98424583478931,60.6687789337923,4,60561,1861.6,-92
2012-09-27 19:44:52,35.51596725,24.029634716667,463.213097006988,847.506990000632,965.833562959342,2.98490229316908,61.3407653127109,4,60561,1861.6,-81
2012-12-05 11:25:13,35.5150526,24.029785916667,476.91452547592,745.688152,885.15438463756,2.94701902499015,57.3985245426704,4,60561,1861.6,-77
2013-03-22 19:04:11,35.515188197143,24.029879332857,485.37970566879,760.782825958777,902.432250614385,2.95541460748766,57.4621103706088,4,60561,1861.6,-80
2012-09-27 19:44:46,35.515634666667,24.029831566667,481.051233211529,810.48381337049,942.493660832742,2.97427843784375,59.3093482639945,4,60561,1861.6,-81
2013-03-24 17:19:01,35.51586151123,24.029876708984,485.141935773005,835.736150123901,966.342387805429,2.98513102992355,59.8649835610859,4,60561,1861.6,-76
2013-03-24 17:19:14,35.516002655029,24.02978515625,476.84561807437,851.448277828432,975.882120593327,2.98939736124489,60.749402127515,4,60561,1861.6,-76
2013-04-10 16:58:53,35.51284819,24.02996798,493.412724774539,500.293230800291,702.673063205093,2.84675330528674,45.3967145955701,3,60562,1878.6,-64
2012-12-13 18:20:28,35.514927133333,24.0299827,494.746620456455,731.721202630267,883.283723857611,2.94610022782856,55.9357667233882,4,60561,1861.6,-86
2012-09-22 16:22:04,35.515137816667,24.029917333333,488.823229502803,755.174471370762,899.575806650924,2.9540377669289,57.0850823384658,4,60561,1861.6,-73
2012-12-02 14:30:54,35.515183985,24.0300305525,499.082914145723,760.313930200344,909.483934794277,2.95879503205061,56.7184283964206,4,60561,1861.6,-85
2012-09-27 19:44:40,35.515392516667,24.0300041,496.685843797791,783.527675370682,927.691999265332,2.96740381110874,57.6289906033445,4,60561,1861.6,-84
2012-09-16 18:33:46,35.515518188477,24.029928207397,489.808614489957,797.517461260302,935.920178136816,2.97123881062597,58.443142014065,4,60561,1861.6,-89
2013-03-24 17:18:41,35.515613555908,24.030014038086,497.586412412067,808.133763678558,949.037627185763,2.97728343155816,58.3784441648565,4,60561,1861.6,-76
2013-03-24 17:18:54,35.515762329102,24.029914855957,488.59873485955,824.695195635302,958.567102194887,2.9816225200236,59.3549642130045,4,60561,1861.6,-76
2012-12-09 00:53:03,35.51511955,24.0302009,514.519449106944,753.141026000483,912.113846268312,2.96004904854811,55.6604851205829,4,60561,1861.6,-82
2012-09-27 19:44:33,35.51523505,24.0301875,513.305169070633,765.998486000451,922.082359200963,2.96476971340621,56.1734658318373,4,60561,1861.6,-84
2012-09-16 18:33:13,35.515300750732,24.030202865601,514.697567767758,773.31229148686,928.937826999581,2.96798664801455,56.3532443915269,4,60561,1861.6,-81
2013-03-24 17:18:28,35.515472412109,24.030075073242,503.117290877716,792.421635974028,938.647461798031,2.97250251011071,57.5880828230864,4,60561,1861.6,-76
2012-09-16 17:37:31,35.514739990234,24.030235290527,517.635846895883,710.888432849028,879.380028173351,2.94417659802169,53.9396367139785,3,60562,1860.2,-77
2012-09-16 17:38:44,35.51481628418,24.030349731445,528.006244064731,719.38147491794,892.356599250801,2.95053843973345,53.7223536608245,3,60562,1860.2,-77
2012-09-19 15:09:13,35.515068054199,24.030336380005,526.796364434325,747.408513432835,914.403573665973,2.96113791469735,54.8226487171714,4,60562,1860.2,-88
2012-09-16 18:32:40,35.515285491943,24.030317306519,525.067964936285,771.61368309475,933.318832844049,2.97003002926748,55.7654815016863,4,60561,1861.6,-74
2012-09-16 18:32:27,35.515350341797,24.030376434326,530.42600341633,778.832768842687,942.301558378944,2.97418990935526,55.7430818978378,4,60561,1861.6,-74
2012-12-13 17:40:21,35.51497365,24.030446533333,536.778229144711,736.899438000517,911.675188325979,2.95984013542948,53.9293547886059,4,60561,1861.6,-82
2012-09-16 18:32:21,35.515407562256,24.030447006226,536.821081721787,785.20255033841,951.167660740677,2.97825707605068,55.6406729120106,4,60561,1861.6,-74
2013-03-24 17:13:00,35.515556335449,24.030513763428,542.87048005507,801.763982182835,968.263311935808,2.98599347649264,55.8982627458418,4,60561,1861.6,-83
2013-03-24 17:12:13,35.515651702881,24.030548095703,545.981599169442,812.38028471341,978.804185535933,2.99069581780202,56.0958846307935,4,60561,1861.6,-83
2012-09-16 18:37:17,35.515727996826,24.03049659729,541.314920452491,820.873326670794,983.287781650958,2.99268064264577,56.5976314394571,4,60561,1861.6,-77
2012-09-16 17:28:08,35.515132904053,24.030679702759,557.907555940548,754.627599179981,938.468781803475,2.97241983037667,53.5239249176279,4,60561,1861.6,-77
2012-09-16 17:38:51,35.515239715576,24.030637741089,554.105076972617,766.517857920794,945.823483974844,2.9758100929677,54.137358085904,4,60562,1860.2,-77
2012-09-16 17:23:10,35.515342712402,24.030704498291,560.154475306222,777.983464591264,958.661205735903,2.98166515307722,54.2458032606029,4,60561,1861.6,-81
2012-09-16 18:31:02,35.515434265137,24.030694961548,559.290275557202,788.175115051495,966.450011288369,2.98517939547469,54.6404295679046,4,60561,1861.6,-76
2013-03-24 17:12:07,35.515689849854,24.030605316162,551.166797753706,816.62680574747,985.222908184432,2.99353450140339,55.9833635855331,4,60561,1861.6,-94
2012-09-15 20:05:41,35.515125983333,24.030813183333,570.003287003262,753.857184629906,945.09491693303,2.9754754273772,52.9064997986977,4,60561,1861.6,-81
2012-12-09 00:53:10,35.515285333333,24.0307914,568.029326825179,771.596026629572,958.132425317091,2.9814255378989,53.6404467370167,4,60561,1861.6,-82
2012-09-16 17:36:58,35.515361785889,24.03074836731,564.129794260079,780.106725163662,962.709160347762,2.98349510422356,54.127638537266,4,60562,1860.2,-77
2012-09-14 11:43:19,35.515492483333,24.0308535,573.656699232235,794.655964629726,980.081685726053,2.99126227383705,54.1747400573433,4,60561,1861.6,-82
2012-12-04 17:44:13,35.51539165,24.030924516667,580.092081395082,783.4311980001,974.818580504675,2.98892379845047,53.4818811133575,4,60561,1861.6,-85
2012-12-08 21:27:43,35.5154963,24.030998866667,586.82952323839,795.080836000586,988.191492130744,2.99484111049594,53.5698815419512,4,60561,1861.6,-87
2012-09-16 17:30:08,35.515830993652,24.031099319458,595.932345529397,832.338933341264,1023.68132756432,3.01016478162053,54.3983527021133,4,60561,1861.6,-67
2012-09-24 12:14:11,35.515646222767,24.031234464353,608.178893887722,811.770238423136,1014.32365986407,3.00617655584979,53.1594205226046,4,60562,1860.2,-95
2012-09-24 12:14:05,35.515749300486,24.031387675786,622.062594217943,823.244850101855,1031.84008176867,3.01361239400915,52.9244733981618,4,60562,1860.2,-97
2012-09-15 18:32:00,35.515683566667,24.03145485,628.149781308431,815.927361370825,1029.71336147075,3.01271634814566,52.408767438612,4,60561,1861.6,-84
2012-09-17 16:14:24,35.51579284668,24.031530380249,634.99417485287,828.09241241794,1043.52989684112,3.01850489599575,52.518446716923,4,60567,1861.6,-82
2013-04-02 20:19:47,35.515842437744,24.031465530396,629.117616505834,833.612889662239,1044.3655610987,3.01885254213272,52.9585843785634,4,60561,1861.6,-89
2013-03-19 12:22:20,35.515826566667,24.031703466667,650.678904847792,831.846121370974,1056.10179758102,3.02370578183125,51.9671034641255,4,60561,1861.6,-77
2012-09-17 16:14:30,35.515884399414,24.031684875488,648.994211003724,838.284062766643,1060.14794052759,3.0253664740116,52.2531904292494,4,60561,1861.6,-82
2013-02-14 13:41:11,35.515725166667,24.031746333333,654.56339266465,820.558273371156,1049.65190182961,3.02104529699434,51.4204626218872,4,60561,1861.6,-92
2013-04-02 20:19:40,35.516044616699,24.031761169434,655.907809176492,856.119450932835,1078.49690236191,3.03281890206809,52.5428112050158,4,60561,1861.6,-89
2012-12-05 11:24:04,35.5161106,24.03187155,665.910265720628,863.46471200005,1090.41633831369,3.03759235015083,52.3603292169312,4,60561,1861.6,-82
2012-11-05 16:52:08,35.513497733333,24.032045983333,681.717050341644,572.60039462956,890.286104944046,2.9495295952191,40.0281931542677,3,60562,1860.2,-87
2012-10-14 18:36:13,35.5160197,24.0320448,681.609819174815,853.345724000445,1092.14965561747,3.03828215316322,51.3838921376834,4,60561,1861.6,-84
2012-12-05 11:23:58,35.516228033333,24.03201595,678.995492380306,876.537390629914,1108.76177596681,3.04483824543076,52.2374263618923,4,60561,1861.6,-82
2012-10-12 21:08:01,35.516329383333,24.031971966667,675.009814530159,887.819672630063,1115.28562297781,3.04738610379495,52.7542509368566,4,60561,1861.6,-96
2013-01-17 00:08:34,35.516093443333,24.032112976667,687.787846464254,861.554831829711,1102.4195435464,3.04234690374636,51.3992826893215,4,60561,1861.6,-97
2012-09-22 16:21:16,35.516208733333,24.032100616667,686.667809057696,874.388914630118,1111.78624475397,3.04602129655593,51.8570395729558,4,60561,1861.6,-87
2013-03-21 01:17:14,35.516311645508,24.032159805298,692.031359281375,885.845097950577,1124.11251206981,3.05080978180744,52.0026783079363,4,60561,1861.6,-77
2012-12-05 11:23:51,35.51640485,24.032173666667,693.287447613491,896.220622000401,1133.07497029862,3.05425864605919,52.2756168051786,4,60561,1861.6,-82
2013-01-09 16:09:54,35.51212314,24.0323778,711.785584255455,419.580664800316,826.248541437837,2.91711070584189,30.5183378537562,3,60562,1860.2,-91
2012-12-14 20:50:29,35.5161425,24.032236216667,698.955598081299,867.015820000418,1113.66752678714,3.04675555633789,51.1255438506923,4,60561,1861.6,-91
2012-10-01 14:09:12,35.516437616667,24.032225166667,697.954270141138,899.86820737056,1138.81647065915,3.05645373970486,52.2021888952581,4,60561,1861.6,-87
2012-10-01 14:08:59,35.5165631,24.032339183333,708.286222479037,913.837012000219,1156.18660148573,3.06302793222943,52.2218660942747,4,60561,1861.6,-83
2012-10-12 21:07:54,35.51671465,24.032249316667,700.142692743668,930.707558000021,1164.65288765396,3.06619650781799,53.0469805113332,4,60561,1861.6,-96
2012-12-14 18:28:17,35.512102272,24.032410542,714.752595968172,417.257639040315,827.63229201182,2.91783742734042,30.2754903351342,3,60562,1860.2,-86
2013-01-09 15:11:17,35.513317066667,24.032531433333,725.70751628302,552.488581370733,912.082798727569,2.9600342653002,37.2823905659528,3,60562,1860.2,-92
2012-10-14 18:36:20,35.516295233333,24.032431766667,716.675930998971,884.018094629536,1138.03004428955,3.05615372769783,50.9682216958897,4,60561,1861.6,-84
2012-09-15 18:30:48,35.516701816667,24.032411166667,714.809201988041,929.278951370974,1172.39565194857,3.06907419910601,52.4322121555859,4,60561,1861.6,-91
2013-01-21 22:01:43,35.512111133333,24.032557386667,728.059353249786,418.244082629954,839.641908499968,2.92409410710909,29.8758282068811,3,60562,1860.2,-87
2012-11-06 09:46:11,35.513391566667,24.0326874,739.840890168583,560.781921371151,928.35386900802,2.96771355171815,37.1612679106018,3,60562,1860.2,-92
2012-10-01 14:08:22,35.516795666667,24.03269895,740.887527065528,939.726333370857,1196.66198627345,3.07797149524619,51.7474800027358,4,60561,1861.6,-83
2012-11-01 18:18:17,35.50882418,24.03279976,750.02271889069,52.3404376000727,751.84679307712,2.87612935162889,3.99192199804818,3,60562,1860.2,-85
2012-11-05 16:52:01,35.513469266667,24.032766766667,747.032931906109,569.431485370986,939.313801604152,2.97281070359548,37.316734930149,3,60562,1860.2,-87
2012-09-22 16:21:10,35.516696833333,24.0327604,746.455997828988,928.724206629932,1191.52222332413,3.07610214687302,51.2096475023426,4,60561,1861.6,-87
2012-10-01 14:08:47,35.5168322,24.03280835,750.801126764715,943.793224000679,1206.00496749423,3.0813490966523,51.4972449642074,4,60561,1861.6,-83
2012-11-06 11:08:34,35.5100923,24.032901566667,759.248226599627,193.507555999947,783.519651204583,2.89404989334154,14.2984134204563,3,60562,1860.2,-86
2012-10-14 18:36:26,35.516753116667,24.0329045,759.514039114723,934.989667370477,1204.60252934398,3.08084377073808,50.9122345324218,4,60561,1861.6,-84
2012-12-02 16:08:07,35.51678611,24.03297416,765.826482944935,938.662485200123,1211.43611598048,3.08330051693932,50.7900292848074,4,60561,1861.6,-92
2012-10-01 14:08:03,35.5166963,24.033182466667,784.702798405056,928.664836000275,1215.80296900778,3.08486319960289,49.8028735773191,4,60562,1860.2,-90
2012-09-22 16:21:04,35.516834416667,24.03305925,773.537161175576,944.03998337104,1220.47991786951,3.08653063780465,50.6691433042138,4,60561,1861.6,-87
2012-11-06 11:08:40,35.510122666667,24.033281433333,793.670951149799,196.887973370939,817.727615258982,2.9126086644417,13.9322576070246,3,60562,1860.2,-86
2012-11-06 09:46:04,35.5133565,24.033371966667,801.874892948169,556.878300000373,976.277002162779,2.9895730588988,34.7788309103724,3,60562,1860.2,-92
2013-01-09 15:11:05,35.513583283333,24.033363216667,801.081986207804,582.12382062972,990.252741057142,2.99574605322159,36.0048536435287,3,60562,1860.2,-88
2012-09-22 17:55:31,35.51654515,24.0332162,787.759642645127,911.838818000202,1204.99596870379,3.08098559398754,49.175470508685,4,60561,1861.6,-93
2012-12-13 18:21:15,35.516711916667,24.033344933333,799.425188635467,930.403283370666,1226.67473355074,3.08872941997971,49.3300245647629,4,60561,1861.6,-90
2012-12-13 18:28:28,35.5101749,24.033543816667,817.447581323742,202.70258800062,842.204777589266,2.92541770072088,13.926729993267,3,60562,1860.2,-94
2012-09-15 18:29:24,35.51678355,24.033473783333,811.101306745525,938.377506000273,1240.33772561008,3.09353995322569,49.1609902506335,4,60561,1861.6,-100
2012-11-06 11:08:47,35.51015305,24.033615566667,823.949416592667,200.270246000275,847.939156152378,2.92836469058774,13.6614664277166,3,60562,1860.2,-74
2012-11-17 15:38:53,35.513501483333,24.033684916667,830.233768870052,573.017844630088,1008.78023436063,3.00379656425475,34.6129937623587,3,60562,1860.2,-98
2012-12-05 11:23:20,35.516698266667,24.03360835,823.29545728943,928.883765370706,1241.22538628674,3.09385064945443,48.4485383734683,4,60561,1861.6,-86
2012-10-15 00:33:52,35.51690745,24.0336499,827.060631580944,952.170054000095,1261.21255149384,3.10078828416387,49.0222229724556,4,60561,1861.6,-83
2012-11-05 16:51:55,35.5135455,24.033715266667,832.984022534274,577.917780000249,1013.83003616868,3.0059651536748,34.7526097222986,3,60562,1860.2,-87
2013-02-14 13:41:23,35.516417566667,24.033853416667,845.50288723687,897.636241370975,1233.13663239257,3.09101119939106,46.7130767069328,4,60561,1861.6,-92
2013-02-26 15:20:00,35.517301266667,24.03380935,841.509657833455,996.009725370498,1303.90715822086,3.11524666953409,49.8061693834493,4,60561,1861.6,-88
2013-02-26 12:58:47,35.517444966667,24.033858283333,845.943894353813,1012.00640937077,1319.00646131928,3.12024692299779,50.107491518867,4,60561,1861.6,-79
2013-02-26 15:07:41,35.51746685,24.033829766667,843.359773590804,1014.44246200012,1319.22295932871,3.1203182010226,50.26145730804,4,60561,1861.6,-90
2012-12-05 11:23:14,35.516490883333,24.034034516667,861.913791309271,905.797852629758,1250.3460055032,3.09703021099775,46.422095717379,4,60561,1861.6,-87
2013-03-21 01:16:48,35.516635894775,24.033878326416,847.760156708597,921.940526353305,1252.4662140893,3.09776601938361,47.4002564466223,4,60561,1861.6,-76
2013-02-26 12:59:06,35.517444966667,24.033924883333,851.979047370006,1012.00640937077,1322.88520657123,3.12152215989751,49.9069399862897,4,60561,1861.6,-79
2013-02-26 12:58:54,35.517450016667,24.033944966667,853.79895718632,1012.56857537061,1324.48774215563,3.1220479433514,49.8623757110877,4,60561,1861.6,-79
2012-11-06 09:45:58,35.513406183333,24.034046916667,863.037453432334,562.409048629505,1030.11532558608,3.01288584845462,33.0907747816887,3,60562,1860.2,-92
2012-10-01 14:07:56,35.516399166667,24.034061133333,864.325738037526,895.587953370768,1244.64322745795,3.09504488030621,46.0176661745026,4,60562,1860.2,-90
2012-09-22 17:55:38,35.516614816667,24.03408275,866.284595290323,919.594111370905,1263.36943516351,3.101530365751,46.7098045542449,4,60561,1861.6,-93
2013-03-19 12:22:52,35.516666916667,24.0341657,873.801351186541,925.393883370658,1272.74610221963,3.10474177568612,46.6425257620022,4,60561,1861.6,-95
2013-02-26 13:23:20,35.51744775,24.034071916667,865.302901261301,1012.31625000058,1331.74070334524,3.12441967373173,49.476996543197,4,60561,1861.6,-84
2013-02-26 13:22:49,35.517479933333,24.034051766667,863.476950311446,1015.89889862989,1333.28279669265,3.1249222754582,49.6366786413794,4,60561,1861.6,-84
2013-02-26 15:46:36,35.5174217,24.034269583333,883.215042034724,1009.41636400031,1341.26440584547,3.12751439953736,48.8148552831591,4,60561,1861.6,-83
2012-11-01 17:52:43,35.512564266667,24.034378633333,893.096925464257,468.686885370647,1008.6077110513,3.00372228412277,27.6899667209827,3,60562,1860.2,-76
2012-12-13 18:23:28,35.513575333333,24.03443285,898.009926686327,581.238826630056,1069.7010806807,3.02926243455656,32.9130487110034,3,60562,1860.2,-98
2013-02-26 15:47:51,35.517296416667,24.0344488,899.455282400988,995.469823370912,1341.63332333434,3.12763383668844,47.900656748887,4,60561,1861.6,-88
2013-02-26 15:46:48,35.517335216667,24.034380183333,893.23738322968,999.789039370764,1340.69054820451,3.12732854763832,48.2215742945211,4,60561,1861.6,-83
2012-11-01 18:04:31,35.508861106,24.03466458,919.008815701847,56.4510399200657,920.740964248777,2.96413746557077,3.51503434451775,3,60562,1860.2,-70
2012-11-01 18:00:42,35.50899429,24.0346394125,916.728189372296,71.2770827999739,919.494967752561,2.96354935675705,4.44589394686393,3,60562,1860.2,-77
2012-11-17 15:38:47,35.51371585,24.034558866667,909.429294072389,596.881141999988,1087.80914621647,3.03655270600944,33.2778897737366,3,60562,1860.2,-98
2012-12-12 11:28:05,35.516081483333,24.034679383333,920.350262845922,860.223444629498,1259.77338478426,3.10029242877697,43.0659579783435,4,60561,1861.6,-91
2012-12-05 11:23:07,35.51625685,24.034634733333,916.304173023562,879.745262000076,1270.26180904252,3.10389324103808,43.8338950816841,4,60561,1861.6,-87
2012-12-12 12:31:52,35.516440866667,24.03459765,912.943758774092,900.229997370438,1282.13897641798,3.10793510273363,44.5982553080263,4,60561,1861.6,-93
2012-11-01 17:58:44,35.509564216667,24.0347923,930.582535569937,134.721319370965,940.283834488728,2.97325896971196,8.23753355361999,3,60562,1860.2,-83
2012-12-13 18:29:21,35.510347666667,24.034820583333,933.145512183654,221.934973370979,959.174478034977,2.98189761442353,13.378404347085,3,60562,1860.2,-87
2012-11-01 17:52:50,35.5125425,24.0347851,929.930086595318,466.263820000561,1040.27492317978,3.01714812953087,26.6290326268138,3,60562,1860.2,-76
2013-02-14 13:41:30,35.516253033333,24.03484065,934.963911671028,879.320390630007,1283.49595461182,3.10839450417806,43.243307372699,4,60561,1861.6,-92
2012-12-09 00:54:03,35.516617033333,24.034742583333,926.077314957326,919.840870629738,1305.26871584339,3.11569992914131,44.8064266431676,4,60561,1861.6,-93
2013-01-17 00:10:34,35.510800075,24.034973861667,947.035274942749,272.297069000191,985.404234703699,2.99361442429214,16.0413083326711,3,60562,1860.2,-100
2012-10-01 14:07:50,35.516092766667,24.03494765,944.660028378675,861.479505370825,1278.48719484802,3.10669638255031,42.363145198876,4,60562,1860.2,-90
2012-12-13 18:21:28,35.51623255,24.03494455,944.379112847829,877.040186000103,1288.81782911409,3.11019153535057,42.8827061374888,4,60561,1861.6,-100
2012-09-22 17:55:44,35.51623915,24.035032416667,952.341406847487,877.774897999989,1295.16135162965,3.11232387633796,42.6668234480357,4,60561,1861.6,-81
2012-11-08 09:40:40,35.516707762149,24.035060771026,954.91081968888,929.940802426627,1332.90831251694,3.12480027639251,44.2410050214347,4,60562,1860.2,-107
2012-12-05 11:23:01,35.5160535,24.0352914,975.809936025855,857.10834000012,1298.78394575254,3.11353691168004,41.294643077439,4,60561,1861.6,-87
2012-12-13 18:29:28,35.5102778,24.0355591,1000.06835137782,214.157416000016,1022.74146598999,3.009765864324,12.0869268045777,3,60562,1860.2,-93
2012-12-12 11:27:58,35.515773016667,24.03556305,1000.42629213478,825.884935370522,1297.28126960444,3.11303414770614,39.540798109544,4,60561,1861.6,-91
2012-12-12 12:31:58,35.516032666667,24.035630533333,1006.54149094386,854.789173370948,1320.52652525562,3.12074712925097,40.3390446155039,4,60561,1861.6,-93
2012-09-22 16:20:16,35.515968833333,24.0357281,1015.3827787011,847.683246629678,1322.71277074783,3.12146554666501,39.8565158036224,4,60562,1860.2,-88
2012-11-08 09:40:46,35.516474903637,24.035826120975,1024.26523490099,904.018992870818,1366.15138652272,3.1354988272288,41.4317021367247,4,60562,1860.2,-107
2013-03-19 12:23:11,35.5159544,24.035876566667,1028.83651823778,846.076528000131,1332.04732366849,3.12451965429599,39.4325958283318,4,60561,1861.6,-96
2012-12-09 00:54:10,35.516329966667,24.03594995,1035.48636273461,887.884609370917,1364.02752427035,3.1348231338968,40.6116555461852,4,60561,1861.6,-85
2012-12-05 11:22:55,35.51581165,24.036039783333,1043.62687190288,830.185598000702,1333.55358905654,3.12501047256726,38.5015904578526,4,60561,1861.6,-87
2012-09-22 17:55:50,35.515766683333,24.036258266667,1063.42537568948,825.179908629701,1346.02949866132,3.1290545776929,37.8101788073242,4,60561,1861.6,-81
2013-02-26 15:49:00,35.517553233333,24.036294333333,1066.69366169676,1024.05865462953,1478.69249542483,3.16987786877358,43.8317758046221,4,60561,1861.6,-79
2012-12-12 11:27:52,35.515466933333,24.0364856,1084.02584791644,791.811738630104,1342.41493897505,3.12788677652867,36.1457453738537,4,60561,1861.6,-91
2012-09-15 18:26:00,35.5156689,24.0363757,1074.06693926079,814.294668000483,1347.8485064528,3.12964108173276,37.1672741553496,4,60561,1861.6,-94
2012-12-04 17:45:13,35.515781033333,24.03643345,1079.30012374552,826.777350629781,1359.57697267624,3.13340380027382,37.4532340781261,4,60561,1861.6,-102
2012-11-08 09:40:53,35.516246819463,24.036457631269,1081.49137987956,878.628662621422,1393.41735726727,3.14408121607256,39.0912074457757,4,60562,1860.2,-107
2013-02-14 13:41:42,35.515731516667,24.036592783333,1093.73857787799,821.265155371112,1367.75017169266,3.13600677796617,36.9021105254618,4,60561,1861.6,-88
2012-09-15 18:25:54,35.515413816667,24.037073283333,1137.28048514947,785.898791370706,1382.40508252095,3.14063532185555,34.6457679614705,4,60561,1861.6,-94
2012-09-24 12:11:41,35.515445640442,24.037091684949,1138.94800119007,789.441414004114,1385.79229885278,3.14169814353583,34.7270719291734,4,60561,1861.6,-98
2012-11-08 09:40:59,35.515956026394,24.037079494507,1137.8433287756,846.257578180498,1418.04066566057,3.15168868544419,36.6395917806026,4,60562,1860.2,-107
2012-09-22 17:55:57,35.5153752,24.037346283333,1162.01917544098,781.599984000452,1400.4238997825,3.14625951387184,33.9256557124726,4,60561,1861.6,-81
2012-12-14 20:51:17,35.515458866667,24.037237566667,1152.16749804262,790.913757370384,1397.51011271602,3.14535495922814,34.4679344174344,4,60561,1861.6,-91
2013-02-14 13:41:49,35.515445483333,24.037388316667,1165.8281484508,789.42392463028,1407.95788449048,3.14858966417616,34.1033335993938,4,60561,1861.6,-88
2012-09-24 12:11:35,35.515212767026,24.037601582199,1185.15382590872,763.51794533465,1409.80468289551,3.149158948814,32.7910641995104,4,60561,1861.6,-98
2012-12-14 20:51:23,35.515348766667,24.037605733333,1185.52999300904,778.657425371113,1418.37539121686,3.15179118765812,33.296953807421,4,60561,1861.6,-91
2012-11-08 09:41:05,35.51561904984,24.037636441823,1188.31273228914,808.745348188897,1437.41301925983,3.157581574128,34.2385342948057,4,60562,1860.2,-107
2013-01-09 15:10:17,35.514099416667,24.037801383333,1203.25938771813,639.579783370899,1362.6795123684,3.13439372643176,27.9924049461159,3,60562,1860.2,-94
2013-01-09 15:10:11,35.514502966667,24.037753666667,1198.93540302248,684.502969371063,1380.57611731425,3.14006035622573,29.7231541296629,3,60562,1860.2,-97
2013-01-09 15:10:05,35.515044016667,24.037705683333,1194.5872534292,744.732655370549,1407.71638977131,3.1485151670476,31.9403446996507,4,60562,1860.2,-97
2013-03-19 12:23:30,35.515265616667,24.037709033333,1194.89082343828,769.401167370912,1421.17635650496,3.15264797370834,32.7778568415285,4,60561,1861.6,-90
2012-12-04 18:48:01,35.51501745,24.037999533333,1221.21532720986,741.775254000545,1428.84477913448,3.15498505228514,31.2748061065485,4,60562,1860.2,-98
2012-12-14 20:51:29,35.5152714,24.0378776,1210.16598302942,770.044968000676,1434.38870576449,3.15666685697558,32.4691481587328,4,60561,1861.6,-91
2012-09-22 17:56:03,35.5150647,24.038131583333,1233.18142264219,747.035124000712,1441.80369594497,3.15890613446709,31.2065911742291,4,60561,1861.6,-81
2013-02-14 13:41:55,35.515159,24.038176716667,1237.27131118286,757.532599999994,1450.75702222629,3.16159468139528,31.4774979165512,4,60561,1861.6,-88
2012-11-08 09:41:17,35.514881712356,24.038276174671,1246.2839879521,726.664939470331,1442.65925044039,3.15916376482264,30.2449773515918,3,60562,1860.2,-107
2013-01-05 18:05:19,35.51509376375,24.03829709125,1248.17940469148,750.270500650564,1456.31646644622,3.1632557600711,31.0097343144397,4,60561,1861.6,-91
2013-03-19 12:23:49,35.515017633333,24.03850795,1267.28698458694,741.795662630143,1468.42674532996,3.16685228596777,30.3422095535261,4,60561,1861.6,-84
2013-04-02 21:39:34,35.5153465271,24.038354873657,1253.41552583073,778.408116772344,1475.45575218324,3.1689261898639,31.8415040938468,4,60562,1860.2,-96
2012-11-08 09:41:24,35.514694083399,24.038519699795,1268.35172648985,705.778083977019,1451.49536889101,3.16181565451955,29.0938802462034,3,60562,1860.2,-107
2012-11-06 10:45:04,35.510668566667,24.03867925,1282.80983311066,257.657561370802,1308.42977910813,3.11675041985768,11.3569766140119,3,60562,1860.2,-83
2012-11-08 09:41:30,35.514610656647,24.038797366562,1293.5133094682,696.491017944477,1469.1073547732,3.16705353294618,28.3002012404542,3,60562,1860.2,-107
2012-11-08 09:41:36,35.51459741685,24.039005664647,1312.38884724514,695.017163742527,1485.06341422518,3.17174499901354,27.9048771521973,3,60562,1860.2,-107
