Timestamp,Latitude,Longitude,RouteID,Serving_BS_Lat,Serving_BS_Lon,PCI,Frequency_MHz,RSRP_dBm,RSRQ_dB,SINR_dB
15-Mar-2026 10:00:00,42.3565080956365,-71.0996758288057,1,42.3601,-71.0942,101,2100,-64.6155733932796,-12.1927244499022,2.62882141278351
15-Mar-2026 10:00:02,42.3565152864098,-71.0995631585525,1,42.3601,-71.0942,101,2100,-60.981580764291,-12.7018797895482,2.82204912376883
15-Mar-2026 10:00:04,42.356515833211,-71.0994874598538,1,42.3601,-71.0942,101,2100,-55.6907896998134,-13.4443375623716,0.796288636246798
15-Mar-2026 10:00:06,42.3565134583219,-71.099372807993,1,42.3601,-71.0942,101,2100,-58.7468854606938,-12.2492752106536,4.63768720694922
15-Mar-2026 10:00:08,42.3564808742056,-71.09931143425,1,42.3601,-71.0942,101,2100,-57.0852985500357,-11.2974088037689,4.66086731537391
15-Mar-2026 10:00:10,42.3565123547091,-71.0991858325519,1,42.3601,-71.0942,101,2100,-55.214556257748,-11.1048190609512,5.6465308789578
15-Mar-2026 10:00:12,42.3564954787555,-71.0990963340573,1,42.3601,-71.0942,101,2100,-52.1690572628653,-13.0070492722027,8.25161635581017
15-Mar-2026 10:00:14,42.3565030997948,-71.0989848310707,1,42.3601,-71.0942,101,2100,-52.7408720249514,-13.8841893907209,1.40880393044378
15-Mar-2026 10:00:16,42.356527641906,-71.0988877705892,1,42.3601,-71.0942,101,2100,-54.9130564594317,-13.3001909967215,6.07413571166148
15-Mar-2026 10:00:18,42.3565105071757,-71.0988046319353,1,42.3601,-71.0942,101,2100,-53.9388109448933,-11.9399765377329,5.59162825328939
15-Mar-2026 10:00:20,42.3564962799466,-71.0987361636265,1,42.3601,-71.0942,101,2100,-53.0433496756405,-13.0380112314956,5.55266291191671
15-Mar-2026 10:00:22,42.3564816413456,-71.0986309356873,1,42.3601,-71.0942,101,2100,-54.8400282955082,-12.4993224708605,9.10457615760233
15-Mar-2026 10:00:24,42.3565020292675,-71.0984781386026,1,42.3601,-71.0942,101,2100,-53.9718912623098,-11.7800830480981,4.53151569711177
15-Mar-2026 10:00:26,42.3564811068997,-71.0984327777867,1,42.3601,-71.0942,101,2100,-52.8659518403662,-10.8685178528457,7.46054953122609
15-Mar-2026 10:00:28,42.3564961512325,-71.0983066344701,1,42.3601,-71.0942,101,2100,-53.6968046408785,-12.6265385152509,7.320254488643
15-Mar-2026 10:00:30,42.3565119285397,-71.0982150831699,1,42.3601,-71.0942,101,2100,-56.0003060323453,-11.6305628574412,8.22213883626566
15-Mar-2026 10:00:32,42.3565026007915,-71.0981069338899,1,42.3601,-71.0942,101,2100,-53.165406548113,-13.1658433397832,6.31331922137378
15-Mar-2026 10:00:34,42.3564867793544,-71.0980405976394,1,42.3601,-71.0942,101,2100,-52.8416032067063,-14.0961778388451,7.23297105781308
15-Mar-2026 10:00:36,42.3564981216671,-71.0979187119026,1,42.3601,-71.0942,101,2100,-58.398607619125,-10.5563910396532,5.97778383302334
15-Mar-2026 10:00:38,42.3565152768955,-71.0978244735668,1,42.3601,-71.0942,101,2100,-56.8471967068305,-11.6426851108423,6.26666799631373
15-Mar-2026 10:00:40,42.3564908110559,-71.0977344517224,1,42.3601,-71.0942,101,2100,-55.365235000172,-12.9501102077591,2.96906797062041
15-Mar-2026 10:00:42,42.3565146360309,-71.097673862599,1,42.3601,-71.0942,101,2100,-59.103292259098,-11.437005668551,11.6197661436344
15-Mar-2026 10:00:44,42.3564975930581,-71.0975182738735,1,42.3601,-71.0942,101,2100,-55.8714688313719,-11.5268224888619,6.06598342844401
15-Mar-2026 10:00:46,42.3565135089677,-71.0974257328689,1,42.3601,-71.0942,101,2100,-60.6813763406499,-12.5204443517836,9.10269185598167
15-Mar-2026 10:00:48,42.3564993341334,-71.0973182009629,1,42.3601,-71.0942,101,2100,-61.5760692537399,-12.086959354606,7.05196536623952
15-Mar-2026 10:00:50,42.3564984139599,-71.0972325935689,1,42.3601,-71.0942,101,2100,-61.4638372523671,-12.1727996323508,7.10098346890061
15-Mar-2026 10:00:52,42.3565159039203,-71.0971565570473,1,42.3601,-71.0942,101,2100,-64.2036688891151,-11.6640789533371,8.21434634327281
15-Mar-2026 10:00:54,42.3565205808179,-71.0970673884969,1,42.3601,-71.0942,101,2100,-66.089561546905,-11.248339914465,5.14710291865025
15-Mar-2026 10:00:56,42.3565248929228,-71.0969413570247,1,42.3601,-71.0942,101,2100,-63.8452557679834,-12.6321072761909,11.7120719691851
15-Mar-2026 10:00:58,42.3564942059172,-71.0968475284419,1,42.3601,-71.0942,101,2100,-63.9596526891402,-12.3516582345074,10.3651029892807
15-Mar-2026 10:01:00,42.3565189458335,-71.0967762867768,1,42.3601,-71.0942,101,2100,-66.2136800461609,-11.4690160345083,12.3764749246357
15-Mar-2026 10:01:02,42.3565092721646,-71.0966454297222,1,42.3601,-71.0942,101,2100,-66.3073511974884,-10.2739354280505,8.85271527147636
15-Mar-2026 10:01:04,42.3565131717033,-71.0965793126335,1,42.3601,-71.0942,101,2100,-66.8090606265713,-11.3104448017198,8.72199278364954
15-Mar-2026 10:01:06,42.3565104201343,-71.0964748569847,1,42.3601,-71.0942,101,2100,-65.5538943985697,-10.758500866518,8.11309837464167
15-Mar-2026 10:01:08,42.3564890748727,-71.096359383041,1,42.3601,-71.0942,101,2100,-69.062425436708,-11.1302345586655,11.6728989029001
15-Mar-2026 10:01:10,42.3565115867648,-71.0962277293278,1,42.3601,-71.0942,101,2100,-67.0703935212835,-11.650135534256,7.08008103457412
15-Mar-2026 10:01:12,42.3564920227865,-71.0961932203749,1,42.3601,-71.0942,101,2100,-70.7970928144369,-10.8991480089619,9.97983126949182
15-Mar-2026 10:01:14,42.3565054465921,-71.0960534376356,1,42.3601,-71.0942,101,2100,-69.1547425526857,-12.3334059276822,8.24022628085191
15-Mar-2026 10:01:16,42.3565257948831,-71.0959660035605,1,42.3601,-71.0942,101,2100,-71.280821138679,-10.8363308449498,6.35989971564095
15-Mar-2026 10:01:18,42.3565002386709,-71.0958709206154,1,42.3601,-71.0942,101,2100,-71.5776442383992,-11.0993646229292,7.00675187180117
15-Mar-2026 10:01:20,42.3565048831718,-71.0957701924513,1,42.3601,-71.0942,101,2100,-69.4980541201906,-11.4435836277583,7.92551492026239
15-Mar-2026 10:01:22,42.3565293373005,-71.0956868482182,1,42.3601,-71.0942,101,2100,-67.3574665739528,-11.2955860490383,9.29588679447571
15-Mar-2026 10:01:24,42.3565075343147,-71.0956081009872,1,42.3601,-71.0942,101,2100,-68.815009774782,-11.4738892878987,11.275574748667
15-Mar-2026 10:01:26,42.3564922172741,-71.0954837312827,1,42.3601,-71.0942,101,2100,-68.5817106755152,-10.5876536254003,4.87496665113067
15-Mar-2026 10:01:28,42.3565129243694,-71.0953614394978,1,42.3601,-71.0942,101,2100,-70.9735112507806,-11.3674101893232,9.15266839891889
15-Mar-2026 10:01:30,42.3565002859676,-71.0952877616905,1,42.3601,-71.0942,101,2100,-69.4810658149174,-11.8821468042329,9.95445480360599
15-Mar-2026 10:01:32,42.3564955211301,-71.0952138897531,1,42.3601,-71.0942,101,2100,-67.5610711484289,-10.068858744268,10.5567967117665
15-Mar-2026 10:01:34,42.3565089884472,-71.0951011247723,1,42.3601,-71.0942,101,2100,-69.0027433520107,-11.5991591100112,8.81359929818215
15-Mar-2026 10:01:36,42.3565208120265,-71.0950084369983,1,42.3601,-71.0942,101,2100,-66.631226724638,-12.6768576150341,10.458730729131
15-Mar-2026 10:01:38,42.3565030188895,-71.0949104316304,1,42.3601,-71.0942,101,2100,-68.0562674469122,-11.8411054866799,11.2902825121799
15-Mar-2026 10:01:40,42.3565065259815,-71.094816514967,1,42.3601,-71.0942,101,2100,-65.2918278164032,-10.0978221722172,12.7203355699953
15-Mar-2026 10:01:42,42.3564908910342,-71.0946988428114,1,42.3601,-71.0942,101,2100,-66.4450810259949,-10.6995976576036,10.1123596435127
15-Mar-2026 10:01:44,42.3564772456103,-71.0946404182333,1,42.3601,-71.0942,101,2100,-66.4051038699548,-11.8698846874725,11.5330411030818
15-Mar-2026 10:01:46,42.3565174844295,-71.0944885918325,1,42.3601,-71.0942,101,2100,-63.2546118244554,-9.99085835625809,8.34480013557326
15-Mar-2026 10:01:48,42.3564965250492,-71.0944065201479,1,42.3601,-71.0942,101,2100,-66.9021494004849,-10.8923101104351,8.89259244134295
15-Mar-2026 10:01:50,42.3564437029344,-71.0943174406133,1,42.3601,-71.0942,101,2100,-64.0698528697287,-11.1010914684778,7.60206552346748
15-Mar-2026 10:01:52,42.3564946161553,-71.0942027803605,1,42.3601,-71.0942,101,2100,-60.8813224387535,-10.674578790806,13.1079938144421
15-Mar-2026 10:01:54,42.3564942056546,-71.0941137538263,1,42.3601,-71.0942,101,2100,-62.5977647795274,-10.2387004890913,8.73414639161484
15-Mar-2026 10:01:56,42.3565118630841,-71.0940369466318,1,42.3601,-71.0942,101,2100,-62.0934087128782,-11.4840307387994,10.5415405767117
15-Mar-2026 10:01:58,42.3565013395836,-71.0939428900566,1,42.3601,-71.0942,101,2100,-58.3201964483666,-11.3887579058621,11.4264792782273
15-Mar-2026 10:02:00,42.3565047673963,-71.0938413274456,1,42.3601,-71.0942,101,2100,-59.7021288880014,-9.71020544419424,8.61263216676587
15-Mar-2026 10:02:02,42.356500662962,-71.0937494743054,1,42.3601,-71.0942,101,2100,-60.0558065678928,-11.0066708541933,12.4564520381123
15-Mar-2026 10:02:04,42.3564778139175,-71.0935990284193,1,42.3601,-71.0942,101,2100,-57.3844419703965,-11.2244520260546,11.4683148930401
15-Mar-2026 10:02:06,42.3565132029324,-71.0935326082229,1,42.3601,-71.0942,101,2100,-55.3932341170752,-11.0693257628126,7.89494480468767
15-Mar-2026 10:02:08,42.3565321365001,-71.0934713854498,1,42.3601,-71.0942,101,2100,-60.1959867148991,-12.1255676152354,10.4285912502853
15-Mar-2026 10:02:10,42.3565115152842,-71.0933493419674,1,42.3601,-71.0942,101,2100,-56.5615334286221,-11.249001189658,7.07231976649038
15-Mar-2026 10:02:12,42.3564774535728,-71.0932251783381,1,42.3601,-71.0942,101,2100,-58.1296769892534,-10.6371248298557,12.4290843402358
15-Mar-2026 10:02:14,42.3565180492641,-71.0931491487782,1,42.3601,-71.0942,101,2100,-57.4990397940781,-11.3119929089359,9.62328920974096
15-Mar-2026 10:02:16,42.3565003646362,-71.0930896300362,1,42.3601,-71.0942,101,2100,-58.2026195077924,-11.3735966866949,8.84837621821004
15-Mar-2026 10:02:18,42.356470814369,-71.0929467249217,1,42.3601,-71.0942,101,2100,-58.7385610051675,-10.7600064400287,8.86308642472521
15-Mar-2026 10:02:20,42.3564989685893,-71.0928274208816,1,42.3601,-71.0942,101,2100,-55.3845399909616,-12.7013942323089,12.8424779247314
15-Mar-2026 10:02:22,42.356514507673,-71.092720479111,1,42.3601,-71.0942,101,2100,-61.9083599062728,-10.4408550012341,10.5347700152729
15-Mar-2026 10:02:24,42.3564901109999,-71.0926674472475,1,42.3601,-71.0942,101,2100,-55.6647836809571,-12.373549251977,12.9119400311224
15-Mar-2026 10:02:26,42.3565033664799,-71.0925777083928,1,42.3601,-71.0942,101,2100,-57.8777991233439,-10.4135309319131,7.597715283665
15-Mar-2026 10:02:28,42.3564856211842,-71.0924360124804,1,42.3601,-71.0942,101,2100,-56.7447037137806,-9.78151175485171,9.68042125910658
15-Mar-2026 10:02:30,42.3564946648697,-71.0924020888187,1,42.3601,-71.0942,101,2100,-57.5952382147608,-12.5683006642667,14.2218206984917
15-Mar-2026 10:02:32,42.3564945827249,-71.0922730469381,1,42.3601,-71.0942,101,2100,-58.1243899413349,-10.7371078024105,10.7973285574033
15-Mar-2026 10:02:34,42.3565099265407,-71.0921699589228,1,42.3601,-71.0942,101,2100,-59.4413304608047,-11.5962653123858,6.91140219692308
15-Mar-2026 10:02:36,42.3565015654795,-71.0921000395879,1,42.3601,-71.0942,101,2100,-58.8495145336412,-11.9510060408789,9.34303600036138
15-Mar-2026 10:02:38,42.356483994485,-71.0919698468191,1,42.3601,-71.0942,101,2100,-59.0412987840169,-10.6563966264431,11.6224941924426
15-Mar-2026 10:02:40,42.3564979376461,-71.0919154496308,1,42.3601,-71.0942,101,2100,-60.3880242310312,-11.648108287602,7.59628943208002
15-Mar-2026 10:02:42,42.3565160733948,-71.0917626631469,1,42.3601,-71.0942,101,2100,-61.9461468344532,-11.9900116860246,9.83015436815315
15-Mar-2026 10:02:44,42.3564940407076,-71.0916979585462,1,42.3601,-71.0942,101,2100,-61.6053325333648,-11.7272986160645,11.2461425619701
15-Mar-2026 10:02:46,42.3564981211593,-71.0916328059379,1,42.3601,-71.0942,101,2100,-64.5110007117621,-11.5583484770776,9.91539402898672
15-Mar-2026 10:02:48,42.3565237709826,-71.0914787846041,1,42.3601,-71.0942,101,2100,-63.5799247919251,-11.583961939812,9.78116141895926
15-Mar-2026 10:02:50,42.3564900223218,-71.0913837871326,1,42.3601,-71.0942,101,2100,-62.4513109014008,-11.084613248379,5.1505208722941
15-Mar-2026 10:02:52,42.3565007582886,-71.0912887684203,1,42.3601,-71.0942,101,2100,-63.7346002781833,-10.6977788759229,7.41908701252139
15-Mar-2026 10:02:54,42.3565340147938,-71.0911988163171,1,42.3601,-71.0942,101,2100,-65.293578913601,-12.8431490070307,6.55495368245141
15-Mar-2026 10:02:56,42.3565133772306,-71.0910993465834,1,42.3601,-71.0942,101,2100,-62.989125074864,-11.4205744205256,9.12446857510679
15-Mar-2026 10:02:58,42.3564974520277,-71.0910379163055,1,42.3601,-71.0942,101,2100,-64.767374033047,-11.8908772108827,8.77239260055346
15-Mar-2026 10:03:00,42.3565229847704,-71.0909326898229,1,42.3601,-71.0942,101,2100,-64.0585906778443,-12.2088909110534,11.063131595733
15-Mar-2026 10:03:02,42.356486648999,-71.0908393055043,1,42.3601,-71.0942,101,2100,-62.5748278871931,-12.2372366351617,8.68003250837613
15-Mar-2026 10:03:04,42.3565065365966,-71.0907400207098,1,42.3601,-71.0942,101,2100,-66.9228274232236,-12.205248318085,5.30831173352675
15-Mar-2026 10:03:06,42.3564979681376,-71.0906582746127,1,42.3601,-71.0942,101,2100,-63.3725750177981,-10.9146318553046,11.2082849224156
15-Mar-2026 10:03:08,42.35649724683,-71.0905434236363,1,42.3601,-71.0942,101,2100,-66.0739164428098,-12.8042104531362,9.66577493890522
15-Mar-2026 10:03:10,42.3564929940996,-71.0904532157206,1,42.3601,-71.0942,101,2100,-65.8453314972642,-10.6734075604489,5.26940631207832
15-Mar-2026 10:03:12,42.3564919504271,-71.0903082704417,1,42.3601,-71.0942,101,2100,-65.5825350704899,-13.091603664958,7.09367620835474
15-Mar-2026 10:03:14,42.3565038139353,-71.0902405857377,1,42.3601,-71.0942,101,2100,-65.1405047811106,-10.7870870290731,7.49865655625051
15-Mar-2026 10:03:16,42.3564957204278,-71.0901562978522,1,42.3601,-71.0942,101,2100,-67.0058521266746,-10.5460557366368,7.77903024215542
15-Mar-2026 10:03:18,42.356498281313,-71.0900332561252,1,42.3601,-71.0942,101,2100,-66.9792726036083,-12.4317917476948,6.1719998701275
15-Mar-2026 10:03:20,42.3564791592374,-71.0899368797075,1,42.3601,-71.0942,101,2100,-65.1979231535158,-12.7469512838431,6.75310010373595
15-Mar-2026 10:03:22,42.3565014213552,-71.0898332164107,1,42.3601,-71.0942,101,2100,-64.6870250821944,-12.0946421613374,8.85666254935433
15-Mar-2026 10:03:24,42.3564893431021,-71.0897565426938,1,42.3601,-71.0942,101,2100,-66.2449601863946,-12.5282994642304,7.1213928382002
15-Mar-2026 10:03:26,42.3565282979011,-71.0896655045339,1,42.3601,-71.0942,101,2100,-66.1153367508497,-12.344371713338,6.10704838306768
15-Mar-2026 10:03:28,42.3564727619243,-71.0895656744099,1,42.3601,-71.0942,101,2100,-64.4765102858713,-12.2205576620474,4.59251180847023
15-Mar-2026 10:03:30,42.3564978234647,-71.0895101264653,1,42.3601,-71.0942,101,2100,-65.3588872466413,-13.5154547194208,4.57866891024289
15-Mar-2026 10:03:32,42.3565179849538,-71.0893172843384,1,42.3601,-71.0942,101,2100,-65.0239724623278,-14.0035210694658,4.10422220021462
15-Mar-2026 10:03:34,42.3564868678678,-71.0892753796124,1,42.3601,-71.0942,101,2100,-60.9267687382648,-13.9699188149494,2.37288888127608
15-Mar-2026 10:03:36,42.3565152408141,-71.0891870333014,1,42.3601,-71.0942,101,2100,-61.6718349219624,-12.2826199002118,1.56388341888607
15-Mar-2026 10:03:38,42.3565047129712,-71.0890626375352,1,42.3601,-71.0942,101,2100,-62.5612695623097,-11.8315768480614,4.01876116503439
15-Mar-2026 10:03:40,42.3564972872522,-71.088967132016,1,42.3601,-71.0942,101,2100,-62.6941634234288,-12.5040244246954,4.26192663460922
15-Mar-2026 10:03:42,42.3565080821786,-71.0888507966096,1,42.3601,-71.0942,101,2100,-62.8663855646501,-13.6244431527703,6.22605907148488
15-Mar-2026 10:03:44,42.3565285621259,-71.0887829258185,1,42.3601,-71.0942,101,2100,-63.2895806018054,-12.2951745712899,-1.52074762577348
15-Mar-2026 10:03:46,42.3578441697492,-71.0997051273623,2,42.3601,-71.0942,101,2100,-63.3856131184082,-12.6724831791658,2.80370724695998
15-Mar-2026 10:03:48,42.3578407403003,-71.0995795246279,2,42.3601,-71.0942,101,2100,-62.8221767406637,-10.9017366836192,7.00040069910938
15-Mar-2026 10:03:50,42.3578370112172,-71.0994723771454,2,42.3601,-71.0942,101,2100,-66.8437504961486,-12.5397934078649,8.98933820419826
15-Mar-2026 10:03:52,42.3578512824197,-71.0993986596233,2,42.3601,-71.0942,101,2100,-66.8198608817676,-12.0025710667235,9.62506953303106
15-Mar-2026 10:03:54,42.3578584481402,-71.0992978232686,2,42.3601,-71.0942,101,2100,-67.0006891325718,-10.317802097959,5.00622521310333
15-Mar-2026 10:03:56,42.3578730530681,-71.099214816952,2,42.3601,-71.0942,101,2100,-66.8415649601314,-11.0863208780709,7.26939304997635
15-Mar-2026 10:03:58,42.357849681301,-71.0990942860423,2,42.3601,-71.0942,101,2100,-70.754578879415,-11.5874250130274,7.0508932431723
15-Mar-2026 10:04:00,42.3578283602605,-71.0989750117852,2,42.3601,-71.0942,101,2100,-74.0730608939086,-11.5298701694948,11.3232283053104
15-Mar-2026 10:04:02,42.3578647221505,-71.0988827414349,2,42.3601,-71.0942,101,2100,-74.0700306072846,-10.642504442221,5.73672750424892
15-Mar-2026 10:04:04,42.35786261598,-71.0988046862964,2,42.3601,-71.0942,101,2100,-72.143412243417,-10.7363751761907,6.87751715334625
15-Mar-2026 10:04:06,42.3578414772228,-71.0986976344325,2,42.3601,-71.0942,101,2100,-74.2624872113144,-11.6970239401951,12.4055799413531
15-Mar-2026 10:04:08,42.3578493460205,-71.0985833836383,2,42.3601,-71.0942,101,2100,-73.923153246668,-11.294152164643,8.62283924212302
15-Mar-2026 10:04:10,42.3578600043342,-71.0985099429468,2,42.3601,-71.0942,101,2100,-72.3197959369262,-12.0720485900889,8.91192842431344
15-Mar-2026 10:04:12,42.3578562893863,-71.0984125329407,2,42.3601,-71.0942,101,2100,-73.4717564864999,-10.7107051837406,11.5211460431231
15-Mar-2026 10:04:14,42.3578503097607,-71.0983255942336,2,42.3601,-71.0942,101,2100,-72.597487476913,-11.4040765639561,8.44884369339973
15-Mar-2026 10:04:16,42.3578861310742,-71.0981957811931,2,42.3601,-71.0942,101,2100,-69.5937939847411,-11.0729117097922,8.94907513056566
15-Mar-2026 10:04:18,42.357849673702,-71.0981035025786,2,42.3601,-71.0942,101,2100,-72.3865198796814,-11.7819123393105,11.1903776403763
15-Mar-2026 10:04:20,42.3578360975062,-71.0979876450784,2,42.3601,-71.0942,101,2100,-69.6943680744169,-10.4077678724906,9.95520771376811
15-Mar-2026 10:04:22,42.3578525669909,-71.0979143856619,2,42.3601,-71.0942,101,2100,-70.1322438171657,-11.6381269606619,11.2545824215579
15-Mar-2026 10:04:24,42.3578603340808,-71.0978351247249,2,42.3601,-71.0942,101,2100,-68.9303861030263,-12.1655330443431,8.6160735209415
15-Mar-2026 10:04:26,42.3578451094762,-71.0977068308748,2,42.3601,-71.0942,101,2100,-66.4542267988068,-11.5272767733681,9.42410559584818
15-Mar-2026 10:04:28,42.357859014409,-71.0976289367413,2,42.3601,-71.0942,101,2100,-66.650644811586,-12.7147339106942,6.58008707298871
15-Mar-2026 10:04:30,42.3578571028044,-71.0975425872039,2,42.3601,-71.0942,101,2100,-65.0539766168482,-10.0485419893206,13.2222214588793
15-Mar-2026 10:04:32,42.3578472229201,-71.0974171864766,2,42.3601,-71.0942,101,2100,-63.4018673564034,-10.9048194547398,11.4447309721848
15-Mar-2026 10:04:34,42.3578539950408,-71.0973593298037,2,42.3601,-71.0942,101,2100,-62.2762765952588,-11.3540268221005,7.11286198563788
15-Mar-2026 10:04:36,42.3578280079637,-71.0972525960151,2,42.3601,-71.0942,101,2100,-61.2453047071309,-10.6899037877523,9.93908190797686
15-Mar-2026 10:04:38,42.3578430072817,-71.0971526880907,2,42.3601,-71.0942,101,2100,-58.4090300974517,-9.50204027230398,12.3212034646174
15-Mar-2026 10:04:40,42.3578605974296,-71.0970519400777,2,42.3601,-71.0942,101,2100,-56.5565291168802,-10.1152805737779,13.5468394457187
15-Mar-2026 10:04:42,42.3578551924112,-71.0969721975604,2,42.3601,-71.0942,101,2100,-53.9050531499803,-10.0115585204843,15.9766763348172
15-Mar-2026 10:04:44,42.3578547642147,-71.0968562994266,2,42.3601,-71.0942,101,2100,-53.6334358355916,-11.8788431424074,10.6856357656089
15-Mar-2026 10:04:46,42.3578498226998,-71.0967667717026,2,42.3601,-71.0942,101,2100,-50.8345750364579,-10.9368188748604,13.0234477874844
15-Mar-2026 10:04:48,42.357852707095,-71.0966620695917,2,42.3601,-71.0942,101,2100,-49.5320216151415,-10.2163329028106,10.9243169562524
15-Mar-2026 10:04:50,42.3578655762231,-71.0965282707295,2,42.3601,-71.0942,101,2100,-47.4608530318844,-10.5948646647544,14.4491535753987
15-Mar-2026 10:04:52,42.3578555607749,-71.0964397393051,2,42.3601,-71.0942,101,2100,-47.7533028258443,-10.7787669981943,10.9281779132601
15-Mar-2026 10:04:54,42.3578362711585,-71.0963524364109,2,42.3601,-71.0942,101,2100,-42.5179032723963,-9.90765933026174,10.5123387652579
15-Mar-2026 10:04:56,42.3578423295722,-71.0962670649914,2,42.3601,-71.0942,101,2100,-42.7851258149664,-9.7876456327964,13.758955136746
15-Mar-2026 10:04:58,42.3578350575055,-71.0961896276185,2,42.3601,-71.0942,101,2100,-44.9996151235374,-9.4926776600878,12.0545426087432
15-Mar-2026 10:05:00,42.3578544092882,-71.0960716275863,2,42.3601,-71.0942,101,2100,-43.5486433018298,-12.6348623364622,13.915710355868
15-Mar-2026 10:05:02,42.3578350975896,-71.0959469486892,2,42.3601,-71.0942,101,2100,-42.5822291290033,-9.37389842090429,15.0199415696096
15-Mar-2026 10:05:04,42.3578724817184,-71.0958823589817,2,42.3601,-71.0942,101,2100,-40.0553352801868,-10.7326617084036,12.1823554045725
15-Mar-2026 10:05:06,42.3578484288379,-71.0957804639168,2,42.3601,-71.0942,101,2100,-40.4850287097479,-11.2152697765478,11.0177576650624
15-Mar-2026 10:05:08,42.357867399094,-71.0956557860466,2,42.3601,-71.0942,101,2100,-41.0588057021055,-11.145943260334,12.7212319052579
15-Mar-2026 10:05:10,42.3578745978575,-71.0955789295102,2,42.3601,-71.0942,101,2100,-41.4038220181881,-10.2352807936124,11.4655682090779
15-Mar-2026 10:05:12,42.3578704531042,-71.0955352749771,2,42.3601,-71.0942,101,2100,-40.9929240226442,-10.5628734003477,13.4167660740138
15-Mar-2026 10:05:14,42.3578698606312,-71.0953705074472,2,42.3601,-71.0942,101,2100,-42.5362880981522,-10.0636255838381,15.2148707906149
15-Mar-2026 10:05:16,42.3578427776923,-71.0952997220301,2,42.3601,-71.0942,101,2100,-39.7075199457592,-11.1267385186957,12.112378931341
15-Mar-2026 10:05:18,42.3578560292174,-71.0952365986458,2,42.3601,-71.0942,101,2100,-41.2599339557277,-10.1980493002474,12.5995218699577
15-Mar-2026 10:05:20,42.3578281056637,-71.0950788259818,2,42.3601,-71.0942,101,2100,-41.2947065327248,-9.67642783417807,15.6137967256686
15-Mar-2026 10:05:22,42.3578417943366,-71.0950012843459,2,42.3601,-71.0942,101,2100,-40.9753664261632,-9.84557344929762,11.0799629226274
15-Mar-2026 10:05:24,42.3578466406502,-71.0949098094723,2,42.3601,-71.0942,101,2100,-43.273910914469,-9.25780083545268,12.787690731688
15-Mar-2026 10:05:26,42.3578887522575,-71.0948319371677,2,42.3601,-71.0942,101,2100,-44.9427018085262,-10.8662386322498,12.7130694451827
15-Mar-2026 10:05:28,42.3578407150588,-71.0947006116858,2,42.3601,-71.0942,101,2100,-43.4230622176849,-10.2505297929096,14.5546284127459
15-Mar-2026 10:05:30,42.3578538585463,-71.0946127686854,2,42.3601,-71.0942,101,2100,-42.3483325535262,-8.35806743674018,15.8496389292464
15-Mar-2026 10:05:32,42.3578607995321,-71.0945082402482,2,42.3601,-71.0942,101,2100,-47.8543410469355,-11.7678025520074,13.9250185527165
15-Mar-2026 10:05:34,42.3578432215198,-71.094403372199,2,42.3601,-71.0942,101,2100,-50.4260248264951,-9.02489000240335,14.1656036421734
15-Mar-2026 10:05:36,42.3578412900027,-71.0943314147856,2,42.3601,-71.0942,101,2100,-48.065292143362,-10.1244072254614,17.3109630956679
15-Mar-2026 10:05:38,42.3578405531023,-71.0942431494235,2,42.3601,-71.0942,101,2100,-48.7673142646736,-9.67219598049626,11.8741666681123
15-Mar-2026 10:05:40,42.3578624882959,-71.0941230310571,2,42.3601,-71.0942,101,2100,-48.5486214812741,-9.72747583287649,17.7330502826392
15-Mar-2026 10:05:42,42.357843396908,-71.0940496449694,2,42.3601,-71.0942,101,2100,-52.05566130952,-9.86518609589939,11.9651462977648
15-Mar-2026 10:05:44,42.3578636906916,-71.0939514747485,2,42.3601,-71.0942,101,2100,-54.114680692545,-9.73471711182406,12.4787352426075
15-Mar-2026 10:05:46,42.3578403830056,-71.0938424893704,2,42.3601,-71.0942,101,2100,-52.2243488480064,-10.8692017813285,14.6280383226094
15-Mar-2026 10:05:48,42.3578449425447,-71.0937384857991,2,42.3601,-71.0942,101,2100,-54.1419800323993,-10.7936236037672,11.4050227020865
15-Mar-2026 10:05:50,42.3578481339756,-71.0936548160958,2,42.3601,-71.0942,101,2100,-56.1951641548964,-11.0852905982986,14.8496826464354
15-Mar-2026 10:05:52,42.3578706190267,-71.0935044552005,2,42.3601,-71.0942,101,2100,-56.7330866323136,-9.14553368740778,12.7130125616616
15-Mar-2026 10:05:54,42.3578512796976,-71.0934233511234,2,42.3601,-71.0942,101,2100,-57.0217002790526,-8.91789291482879,14.930030504918
15-Mar-2026 10:05:56,42.3578416277778,-71.0933484335197,2,42.3601,-71.0942,101,2100,-57.547409024098,-11.1775094700461,16.5933140328396
15-Mar-2026 10:05:58,42.3578363404196,-71.0932366665935,2,42.3601,-71.0942,101,2100,-58.905494675781,-10.356156641343,16.8587724258039
15-Mar-2026 10:06:00,42.3578293747965,-71.0931918845649,2,42.3601,-71.0942,101,2100,-58.7525427966377,-8.95155594706621,18.0702549821055
15-Mar-2026 10:06:02,42.3578522646343,-71.0930520077449,2,42.3601,-71.0942,101,2100,-61.3504605564318,-9.98348375898194,12.5783200937939
15-Mar-2026 10:06:04,42.3578478662273,-71.0929637407139,2,42.3601,-71.0942,101,2100,-60.6083072189661,-10.361397407537,16.5947917950102
15-Mar-2026 10:06:06,42.3578706144327,-71.0928902576874,2,42.3601,-71.0942,101,2100,-60.9215241222623,-9.38559330037424,14.2219138074405
15-Mar-2026 10:06:08,42.3578291145693,-71.0927672573569,2,42.3601,-71.0942,101,2100,-61.3236526895763,-10.0694470668509,13.3758287898402
15-Mar-2026 10:06:10,42.3578547542899,-71.0926626239395,2,42.3601,-71.0942,101,2100,-60.7709551433196,-10.1380602165376,12.3634845121296
15-Mar-2026 10:06:12,42.3578368255966,-71.0925607911585,2,42.3601,-71.0942,101,2100,-60.1114648850844,-10.8712149142988,12.4148345026136
15-Mar-2026 10:06:14,42.3578549610279,-71.0924780736153,2,42.3601,-71.0942,101,2100,-60.3169671918872,-10.3585196630826,13.981344683401
15-Mar-2026 10:06:16,42.3578463889874,-71.0923642235136,2,42.3601,-71.0942,101,2100,-60.0104735550332,-10.9749023893176,11.0323958560785
15-Mar-2026 10:06:18,42.3578756666609,-71.0922540856278,2,42.3601,-71.0942,101,2100,-59.7039185092942,-9.94552934548275,11.8738529676957
15-Mar-2026 10:06:20,42.3578831492334,-71.0921732072698,2,42.3601,-71.0942,101,2100,-59.5243494796751,-9.8408700943293,12.0560945731772
15-Mar-2026 10:06:22,42.3578443400639,-71.0921087109172,2,42.3601,-71.0942,101,2100,-61.9853445166604,-11.2791420034741,14.0585299519283
15-Mar-2026 10:06:24,42.3578714989434,-71.0919726719738,2,42.3601,-71.0942,101,2100,-58.1688065542269,-9.82952035651345,10.6764600889093
15-Mar-2026 10:06:26,42.3578389600384,-71.0918918523863,2,42.3601,-71.0942,101,2100,-58.7566907096957,-10.5217466600639,13.2974324811369
15-Mar-2026 10:06:28,42.3578654433174,-71.091808221506,2,42.3601,-71.0942,101,2100,-55.5782844290485,-10.6595521715136,10.5678679222362
15-Mar-2026 10:06:30,42.3578285555954,-71.09166499213,2,42.3601,-71.0942,101,2100,-57.5474470848296,-10.6223230024343,10.7364726856702
15-Mar-2026 10:06:32,42.3578471430165,-71.09158162784,2,42.3601,-71.0942,101,2100,-58.2033582272705,-9.9416559893351,12.1791412880148
15-Mar-2026 10:06:34,42.3578460090529,-71.0914875901851,2,42.3601,-71.0942,101,2100,-57.1781839112999,-10.020418283634,10.7284485074259
15-Mar-2026 10:06:36,42.3578291577097,-71.0913866621192,2,42.3601,-71.0942,101,2100,-56.5763428465844,-9.83921371270819,11.8948140364493
15-Mar-2026 10:06:38,42.3578657479742,-71.0913081253497,2,42.3601,-71.0942,101,2100,-53.1952486125346,-11.8230313814516,10.452541692173
15-Mar-2026 10:06:40,42.3578373732493,-71.0911907118982,2,42.3601,-71.0942,101,2100,-56.1131057745436,-11.6218126320693,13.9714122596396
15-Mar-2026 10:06:42,42.3578582732953,-71.0910957915915,2,42.3601,-71.0942,101,2100,-56.1056026100499,-9.66355055430991,15.20841708523
15-Mar-2026 10:06:44,42.3578499780035,-71.0910115346915,2,42.3601,-71.0942,101,2100,-52.1535774730163,-10.3293922447905,13.3209928324464
15-Mar-2026 10:06:46,42.3578407602586,-71.090885691676,2,42.3601,-71.0942,101,2100,-53.4460721534285,-11.5421033458534,11.7972875268525
15-Mar-2026 10:06:48,42.3578561152329,-71.090802426636,2,42.3601,-71.0942,101,2100,-54.0904606901197,-11.5720674511616,14.736387325232
15-Mar-2026 10:06:50,42.3578607308792,-71.0907130770813,2,42.3601,-71.0942,101,2100,-54.8786219503579,-12.1150145567224,9.48726913728519
15-Mar-2026 10:06:52,42.3578603900199,-71.0906276774036,2,42.3601,-71.0942,101,2100,-54.4359304185346,-11.1031028086531,12.2500063823049
15-Mar-2026 10:06:54,42.3578655899023,-71.0905055671551,2,42.3601,-71.0942,101,2100,-53.2551025018864,-10.4238281350541,10.8060792209302
15-Mar-2026 10:06:56,42.3578518346592,-71.090423061213,2,42.3601,-71.0942,101,2100,-54.4620556520218,-11.9252120815815,13.2431192677969
15-Mar-2026 10:06:58,42.3578624388736,-71.0903332736194,2,42.3601,-71.0942,101,2100,-53.8476814460336,-11.5353447157743,13.0949815853032
15-Mar-2026 10:07:00,42.3578601541155,-71.0901795679801,2,42.3601,-71.0942,101,2100,-52.7546835449229,-9.87363194767447,8.45261012804243
15-Mar-2026 10:07:02,42.3578496588544,-71.0901447122539,2,42.3601,-71.0942,101,2100,-50.8488676049384,-11.5773875687436,12.6289643538833
15-Mar-2026 10:07:04,42.3578455468162,-71.0900190230059,2,42.3601,-71.0942,101,2100,-53.7036975982082,-11.5237469397134,11.7920857625949
15-Mar-2026 10:07:06,42.3578260327649,-71.0899322313681,2,42.3601,-71.0942,101,2100,-53.8350269150934,-10.5440126366926,5.4383156176632
15-Mar-2026 10:07:08,42.3578550409185,-71.0898262760961,2,42.3601,-71.0942,101,2100,-53.4290967056767,-11.2051628230737,9.2099119013241
15-Mar-2026 10:07:10,42.357839555754,-71.08973285157,2,42.3601,-71.0942,101,2100,-55.1747993973659,-11.2854750009839,7.50418503616156
15-Mar-2026 10:07:12,42.3578579237399,-71.089635201467,2,42.3601,-71.0942,101,2100,-55.3211808580699,-11.8212140394016,6.02794988144347
15-Mar-2026 10:07:14,42.3578774620395,-71.0895481691148,2,42.3601,-71.0942,101,2100,-55.1299031846252,-11.2662045326939,6.04132693957348
15-Mar-2026 10:07:16,42.3578480554245,-71.0894311988506,2,42.3601,-71.0942,101,2100,-56.2387669006491,-12.736534747952,8.74861741136702
15-Mar-2026 10:07:18,42.3578643634794,-71.0893671387781,2,42.3601,-71.0942,101,2100,-52.5166947007617,-13.6289767923863,8.37193231868335
15-Mar-2026 10:07:20,42.3578290040309,-71.0892448742997,2,42.3601,-71.0942,101,2100,-56.1923605691799,-10.2034305003363,8.58375744709234
15-Mar-2026 10:07:22,42.3578414437021,-71.0891469565902,2,42.3601,-71.0942,101,2100,-57.0072237280014,-12.2203918460046,5.01661175796949
15-Mar-2026 10:07:24,42.3578528270073,-71.089041928637,2,42.3601,-71.0942,101,2100,-55.4911957004546,-12.1322299573835,5.70329029198553
15-Mar-2026 10:07:26,42.357862004114,-71.088982381948,2,42.3601,-71.0942,101,2100,-58.7720191671096,-12.3048713484422,9.08619142055839
15-Mar-2026 10:07:28,42.35785388523,-71.0888756734454,2,42.3601,-71.0942,101,2100,-57.3295466829526,-12.610654841924,7.46562093822394
15-Mar-2026 10:07:30,42.35784420039,-71.0887554352503,2,42.3601,-71.0942,101,2100,-57.4535146517523,-11.6961426859267,4.96036194080586
15-Mar-2026 10:07:32,42.3592036643324,-71.0996939664343,3,42.3601,-71.0942,101,2100,-61.7002634056366,-11.5864224975658,8.17560335830083
15-Mar-2026 10:07:34,42.3591925916059,-71.0995726002814,3,42.3601,-71.0942,101,2100,-61.8394010885633,-11.5273821135918,10.0040490407642
15-Mar-2026 10:07:36,42.3591898622109,-71.0994726224965,3,42.3601,-71.0942,101,2100,-61.4168766666673,-12.9140188070913,8.5439426739256
15-Mar-2026 10:07:38,42.3591997103483,-71.0994191671016,3,42.3601,-71.0942,101,2100,-62.5028488871543,-11.192291125247,9.23453388099466
15-Mar-2026 10:07:40,42.3591970600413,-71.0992724639629,3,42.3601,-71.0942,101,2100,-64.6526419915479,-11.2421154703604,9.83342998057266
15-Mar-2026 10:07:42,42.3591962256285,-71.0992290544833,3,42.3601,-71.0942,101,2100,-62.6480916137655,-12.4624269007593,9.66482335024322
15-Mar-2026 10:07:44,42.3591993347352,-71.0991265117537,3,42.3601,-71.0942,101,2100,-61.0603894133376,-10.366660148615,10.8846506546654
15-Mar-2026 10:07:46,42.3591803718645,-71.0989510486612,3,42.3601,-71.0942,101,2100,-61.3394501006352,-12.4201014558075,13.9507601780416
15-Mar-2026 10:07:48,42.3592091052281,-71.0988956528598,3,42.3601,-71.0942,101,2100,-60.7925046224109,-12.3497948859475,6.96489394121522
15-Mar-2026 10:07:50,42.3592274627346,-71.0987859343327,3,42.3601,-71.0942,101,2100,-59.7745709209712,-10.6812444598685,12.3179206038335
15-Mar-2026 10:07:52,42.3592028273142,-71.0986976553704,3,42.3601,-71.0942,101,2100,-58.3508805578874,-12.5234852022775,10.1877159718781
15-Mar-2026 10:07:54,42.3591880758766,-71.098592402765,3,42.3601,-71.0942,101,2100,-62.2107185698262,-11.0029752270263,10.6295683383882
15-Mar-2026 10:07:56,42.3592036225698,-71.0984936724946,3,42.3601,-71.0942,101,2100,-55.3046227350227,-10.4711640659126,11.1021613869457
15-Mar-2026 10:07:58,42.3592001951418,-71.0984059278677,3,42.3601,-71.0942,101,2100,-56.4978157346533,-10.8489124621654,11.9155200374862
15-Mar-2026 10:08:00,42.3592001485513,-71.0983223666817,3,42.3601,-71.0942,101,2100,-56.3857744104131,-10.2236467299969,15.6381675936464
15-Mar-2026 10:08:02,42.3592192706159,-71.0982080389429,3,42.3601,-71.0942,101,2100,-55.2425319820019,-10.9147117044618,11.2296960385112
15-Mar-2026 10:08:04,42.3592196789781,-71.0981339393099,3,42.3601,-71.0942,101,2100,-52.2416856110227,-11.4700606127105,13.8073409600675
15-Mar-2026 10:08:06,42.359174278122,-71.0980106079085,3,42.3601,-71.0942,101,2100,-50.1037485821771,-10.1773905065339,13.4555082506179
15-Mar-2026 10:08:08,42.3591937252333,-71.0979232731483,3,42.3601,-71.0942,101,2100,-51.1559308522518,-11.2668582195382,11.3237654919721
15-Mar-2026 10:08:10,42.3592175905056,-71.097846799793,3,42.3601,-71.0942,101,2100,-52.5324500043628,-9.66404327830631,11.8838457164378
15-Mar-2026 10:08:12,42.3591987202132,-71.0977352999962,3,42.3601,-71.0942,101,2100,-52.0260351678557,-10.4057073169537,13.8085331671756
15-Mar-2026 10:08:14,42.3591837726278,-71.097645450372,3,42.3601,-71.0942,101,2100,-49.2381487052812,-12.1788974636656,10.4231726061612
15-Mar-2026 10:08:16,42.359217669767,-71.0975285516688,3,42.3601,-71.0942,101,2100,-50.8793682303579,-10.5075966879913,15.4422181826794
15-Mar-2026 10:08:18,42.3591855658034,-71.0974651888861,3,42.3601,-71.0942,101,2100,-48.3809894753004,-10.436315985764,17.1161615258062
15-Mar-2026 10:08:20,42.359189052525,-71.0973214577846,3,42.3601,-71.0942,101,2100,-49.3653261540334,-10.8861921995557,15.3390257299179
15-Mar-2026 10:08:22,42.3592160116828,-71.0972432019271,3,42.3601,-71.0942,101,2100,-49.8333326595328,-10.3752438934755,10.6814968030469
15-Mar-2026 10:08:24,42.3592092332992,-71.0971386606558,3,42.3601,-71.0942,101,2100,-51.3742319022396,-9.11126764600619,13.4209366300339
15-Mar-2026 10:08:26,42.3592102843676,-71.0970678720141,3,42.3601,-71.0942,101,2100,-51.4033990394427,-11.1198084346415,13.1426259908395
15-Mar-2026 10:08:28,42.3591956837404,-71.0969977359128,3,42.3601,-71.0942,101,2100,-51.8357719840253,-10.1737116586809,14.0136659614962
15-Mar-2026 10:08:30,42.3591796102828,-71.0968570952354,3,42.3601,-71.0942,101,2100,-50.2294831598521,-9.43301175002699,13.8642418212208
15-Mar-2026 10:08:32,42.3591938778459,-71.096729227356,3,42.3601,-71.0942,101,2100,-51.4829928832616,-10.7307400650872,12.9574827454431
15-Mar-2026 10:08:34,42.3592011769955,-71.0966822185296,3,42.3601,-71.0942,101,2100,-49.3194375773778,-10.3320321055392,13.9868941926165
15-Mar-2026 10:08:36,42.3591972212262,-71.0965589369886,3,42.3601,-71.0942,101,2100,-49.5011137697617,-10.8925981471895,13.9595893907549
15-Mar-2026 10:08:38,42.3591844307558,-71.0964527265819,3,42.3601,-71.0942,101,2100,-52.0897940750542,-9.02297982565234,15.7343316513002
15-Mar-2026 10:08:40,42.3592131870071,-71.0963604638067,3,42.3601,-71.0942,101,2100,-53.1740011206407,-10.381933956571,18.4824815185981
15-Mar-2026 10:08:42,42.3592051845635,-71.0962730276799,3,42.3601,-71.0942,101,2100,-51.5645210539362,-9.79597274305671,18.0182138589807
15-Mar-2026 10:08:44,42.3591895412846,-71.0961780653987,3,42.3601,-71.0942,101,2100,-52.1116598692892,-8.19574665877077,15.9913993293584
15-Mar-2026 10:08:46,42.3592157326766,-71.0960833664468,3,42.3601,-71.0942,101,2100,-54.2865060245727,-8.73979754708885,17.5267676731927
15-Mar-2026 10:08:48,42.3592063892229,-71.0959541104289,3,42.3601,-71.0942,101,2100,-54.5992467772542,-8.99539321284705,15.9555086390679
15-Mar-2026 10:08:50,42.3591727081802,-71.0958830711411,3,42.3601,-71.0942,101,2100,-53.2703356996458,-9.94560906488311,11.7895260773391
15-Mar-2026 10:08:52,42.3591917495021,-71.0957665552323,3,42.3601,-71.0942,101,2100,-53.2555936053272,-10.6580744567235,18.9037135052765
15-Mar-2026 10:08:54,42.3592190527718,-71.0956882450749,3,42.3601,-71.0942,101,2100,-53.0442012251154,-7.77107975502277,14.6669448402381
15-Mar-2026 10:08:56,42.3591934514223,-71.0956163524137,3,42.3601,-71.0942,101,2100,-53.8552443313119,-8.89233178441482,18.4118537452559
15-Mar-2026 10:08:58,42.359185036478,-71.0955080427935,3,42.3601,-71.0942,101,2100,-53.0170260533836,-9.37261041865954,16.4048399150221
15-Mar-2026 10:09:00,42.3591981413043,-71.0954019501343,3,42.3601,-71.0942,101,2100,-49.574087070833,-8.11797968481355,17.3634120663071
15-Mar-2026 10:09:02,42.3591861465728,-71.0952768472087,3,42.3601,-71.0942,101,2100,-51.0884601702544,-9.57227664753479,18.7018243029783
15-Mar-2026 10:09:04,42.3591911761357,-71.0952027862661,3,42.3601,-71.0942,101,2100,-49.2144831372925,-10.1026272987673,18.073665583134
15-Mar-2026 10:09:06,42.359188226688,-71.0950675148019,3,42.3601,-71.0942,101,2100,-48.4302592105274,-8.41597827686165,19.1615832627271
15-Mar-2026 10:09:08,42.3591832767309,-71.0950199538309,3,42.3601,-71.0942,101,2100,-50.798925804292,-9.48410744917611,17.3706125832871
15-Mar-2026 10:09:10,42.3592096411515,-71.0948657511557,3,42.3601,-71.0942,101,2100,-47.8875308389329,-10.7886199303856,21.2536831191233
15-Mar-2026 10:09:12,42.3591993193125,-71.094801587383,3,42.3601,-71.0942,101,2100,-46.3257147294976,-9.26674493483282,21.1783451000511
15-Mar-2026 10:09:14,42.3592047479402,-71.0947154000925,3,42.3601,-71.0942,101,2100,-45.1369292758761,-8.52298576748598,18.6426846693042
15-Mar-2026 10:09:16,42.3591953021703,-71.0946008930886,3,42.3601,-71.0942,101,2100,-46.0332468686778,-9.71178367994257,18.5612736228239
15-Mar-2026 10:09:18,42.3591963811941,-71.0945296222265,3,42.3601,-71.0942,101,2100,-42.7339736200744,-8.55663228063088,21.0925386063261
15-Mar-2026 10:09:20,42.3592070308251,-71.0944421874859,3,42.3601,-71.0942,101,2100,-44.4984208835131,-7.2203991413873,18.396488462374
15-Mar-2026 10:09:22,42.3591880005497,-71.0943154581463,3,42.3601,-71.0942,101,2100,-43.6489706445662,-8.33497259633418,19.3213880753838
15-Mar-2026 10:09:24,42.3592157807539,-71.0941840594842,3,42.3601,-71.0942,101,2100,-42.4305815749451,-8.49246234560467,20.6515931960095
15-Mar-2026 10:09:26,42.3592123149806,-71.094113841872,3,42.3601,-71.0942,101,2100,-40.4737073561152,-9.29895740214816,18.6640235879163
15-Mar-2026 10:09:28,42.3592198090827,-71.0940272095719,3,42.3601,-71.0942,101,2100,-44.5803519519736,-9.69667949113599,19.224551733439
15-Mar-2026 10:09:30,42.3592102205848,-71.0939308252363,3,42.3601,-71.0942,101,2100,-41.3937946688625,-9.09237019889065,18.0149031169266
15-Mar-2026 10:09:32,42.3591995627491,-71.0938291494594,3,42.3601,-71.0942,101,2100,-43.8571993242903,-8.02480987546332,20.2938487566429
15-Mar-2026 10:09:34,42.3592074427355,-71.0937201969247,3,42.3601,-71.0942,101,2100,-44.2700118878985,-10.0775014146508,16.8330255302717
15-Mar-2026 10:09:36,42.3592083313428,-71.0936592172399,3,42.3601,-71.0942,101,2100,-41.8149464390145,-7.5858032799887,18.3771865040302
15-Mar-2026 10:09:38,42.3592044578847,-71.0935596668828,3,42.3601,-71.0942,101,2100,-42.8247462160702,-9.50099535152499,19.4953917472762
15-Mar-2026 10:09:40,42.3591915370049,-71.0934341131901,3,42.3601,-71.0942,101,2100,-43.7537722850954,-7.19031370592696,18.2023517293606
15-Mar-2026 10:09:42,42.3591978756849,-71.0933245162561,3,42.3601,-71.0942,101,2100,-47.2372945951487,-8.2388432211415,21.903504067833
15-Mar-2026 10:09:44,42.3591949343006,-71.09325354108,3,42.3601,-71.0942,101,2100,-45.9681867439974,-8.62230102154732,17.6086845054223
15-Mar-2026 10:09:46,42.3591868335976,-71.093138183712,3,42.3601,-71.0942,101,2100,-47.3007621269203,-9.21987056419794,17.6338997122054
15-Mar-2026 10:09:48,42.3591874726945,-71.0930489834705,3,42.3601,-71.0942,101,2100,-46.9936308029573,-8.50878050758549,19.4722970772424
15-Mar-2026 10:09:50,42.3592114547411,-71.0929984160761,3,42.3601,-71.0942,101,2100,-49.2264840592752,-10.1707419978292,16.961330761112
15-Mar-2026 10:09:52,42.35921926598,-71.092896848078,3,42.3601,-71.0942,101,2100,-48.7585540100267,-9.26298599168113,19.188355392888
15-Mar-2026 10:09:54,42.3591761840189,-71.0927749093062,3,42.3601,-71.0942,101,2100,-48.8321050960435,-9.04123149713257,16.2162381652852
15-Mar-2026 10:09:56,42.3591817131914,-71.0926514375714,3,42.3601,-71.0942,101,2100,-49.3600944971767,-9.15281203890703,17.985482850951
15-Mar-2026 10:09:58,42.3592128661132,-71.092594573465,3,42.3601,-71.0942,101,2100,-47.3484271103193,-8.98373006366895,18.7707723454701
15-Mar-2026 10:10:00,42.3591711865976,-71.0924585852295,3,42.3601,-71.0942,101,2100,-48.3761610611402,-8.98853234231728,15.2815895115347
15-Mar-2026 10:10:02,42.3592112102804,-71.0923709671001,3,42.3601,-71.0942,101,2100,-52.218078900886,-10.0161177699653,17.1326033588847
15-Mar-2026 10:10:04,42.3592104058444,-71.0922843707112,3,42.3601,-71.0942,101,2100,-50.5878760012625,-7.74363083268414,15.59503802185
15-Mar-2026 10:10:06,42.3592291750038,-71.0921910461734,3,42.3601,-71.0942,101,2100,-50.4555098156586,-8.39707416157715,18.5979416331577
15-Mar-2026 10:10:08,42.3592114457235,-71.0920866590555,3,42.3601,-71.0942,101,2100,-47.4123481135217,-9.1760932426142,17.7507579492612
15-Mar-2026 10:10:10,42.3591892536901,-71.0919784824728,3,42.3601,-71.0942,101,2100,-51.8419344996924,-10.1021482145932,18.3979710941973
15-Mar-2026 10:10:12,42.359211402904,-71.091889204473,3,42.3601,-71.0942,101,2100,-49.2674964316776,-9.25232066014419,15.8095591663129
15-Mar-2026 10:10:14,42.3591883206271,-71.0917946995329,3,42.3601,-71.0942,101,2100,-49.4994770026529,-8.98414535775904,14.4328432869363
15-Mar-2026 10:10:16,42.3591936218931,-71.0917211441087,3,42.3601,-71.0942,101,2100,-47.1717416295755,-9.30879924688216,15.3129636318206
15-Mar-2026 10:10:18,42.3591997346125,-71.0916140512566,3,42.3601,-71.0942,101,2100,-52.2380492213914,-12.1156205452208,13.4906594110519
15-Mar-2026 10:10:20,42.3592006843026,-71.0914965988499,3,42.3601,-71.0942,101,2100,-49.3289109255874,-9.37612095133461,13.6258753999648
15-Mar-2026 10:10:22,42.3592021144874,-71.0913807905084,3,42.3601,-71.0942,101,2100,-49.8837159336104,-10.2899381411118,14.7920800785373
15-Mar-2026 10:10:24,42.3592054803717,-71.0913085584465,3,42.3601,-71.0942,101,2100,-51.5812952511688,-11.195898463724,17.2476078645873
15-Mar-2026 10:10:26,42.3592159682802,-71.0912127948265,3,42.3601,-71.0942,101,2100,-50.3113756868033,-9.07486441739766,17.6793979443086
15-Mar-2026 10:10:28,42.359203403308,-71.0910983123806,3,42.3601,-71.0942,101,2100,-50.516893904607,-10.720917540276,10.6276866392084
15-Mar-2026 10:10:30,42.3592014478103,-71.0910247640979,3,42.3601,-71.0942,101,2100,-50.7260485868785,-9.87686170740661,13.7555342566583
15-Mar-2026 10:10:32,42.3592123648622,-71.0909374890459,3,42.3601,-71.0942,101,2100,-52.0114844355691,-9.6923398567794,14.0532225174711
15-Mar-2026 10:10:34,42.3591820597967,-71.0908374583973,3,42.3601,-71.0942,101,2100,-51.2869979105196,-11.7238297993703,10.8573772571782
15-Mar-2026 10:10:36,42.3591949494495,-71.0907491441229,3,42.3601,-71.0942,101,2100,-52.9787240512996,-9.29407914289459,14.3885835570504
15-Mar-2026 10:10:38,42.3591953348192,-71.0906312220916,3,42.3601,-71.0942,101,2100,-54.4958696483947,-9.87449275234549,8.8310505370537
15-Mar-2026 10:10:40,42.3592014525098,-71.09054447444,3,42.3601,-71.0942,101,2100,-52.619656228409,-10.2696951362282,14.0448570831901
15-Mar-2026 10:10:42,42.3591970442359,-71.0904296315142,3,42.3601,-71.0942,101,2100,-54.9635558312709,-9.55797356881707,15.9901065537135
15-Mar-2026 10:10:44,42.3592015636862,-71.0903261460853,3,42.3601,-71.0942,101,2100,-57.3918394982195,-11.1135419409194,13.6268945595422
15-Mar-2026 10:10:46,42.3592003558558,-71.0902312430308,3,42.3601,-71.0942,101,2100,-58.8147015733236,-10.7975539641247,14.8614765643792
15-Mar-2026 10:10:48,42.3592093663798,-71.0901289648259,3,42.3601,-71.0942,101,2100,-59.7555736715276,-10.8558115564803,9.68533525726926
15-Mar-2026 10:10:50,42.35920105325,-71.0900140348701,3,42.3601,-71.0942,101,2100,-60.8935603941277,-12.1052285738307,12.8048571531373
15-Mar-2026 10:10:52,42.3591930727874,-71.089924739694,3,42.3601,-71.0942,101,2100,-61.2974175223357,-10.5882414326728,10.7568019175894
15-Mar-2026 10:10:54,42.3591944485309,-71.089793426703,3,42.3601,-71.0942,101,2100,-66.6338582710523,-9.95749143105408,13.5272065858379
15-Mar-2026 10:10:56,42.3591878169,-71.0897565714586,3,42.3601,-71.0942,101,2100,-62.9462228768576,-12.1382649805734,11.9005244571019
15-Mar-2026 10:10:58,42.3592190968466,-71.0896387033654,3,42.3601,-71.0942,101,2100,-64.570764816757,-11.7490225798352,11.0200604868756
15-Mar-2026 10:11:00,42.3591944633503,-71.0895402744226,3,42.3601,-71.0942,101,2100,-68.1920610187657,-10.3238671226513,7.87880394340326
15-Mar-2026 10:11:02,42.3591985086752,-71.0894472972542,3,42.3601,-71.0942,101,2100,-64.2675543001676,-10.216583876265,8.71269788154004
15-Mar-2026 10:11:04,42.359212077548,-71.0893632521882,3,42.3601,-71.0942,101,2100,-64.5858463635,-11.3234573004987,9.38367097205885
15-Mar-2026 10:11:06,42.3592219361646,-71.0892709022062,3,42.3601,-71.0942,101,2100,-64.5891575428735,-12.2420175075189,10.3292209493195
15-Mar-2026 10:11:08,42.3592098729864,-71.0891732207812,3,42.3601,-71.0942,101,2100,-65.5573333738597,-9.87041367425605,9.04054449658459
15-Mar-2026 10:11:10,42.3591865331938,-71.0891022318796,3,42.3601,-71.0942,101,2100,-68.1694012497905,-11.7483688880764,9.45863737038531
15-Mar-2026 10:11:12,42.3592045342715,-71.0889924189363,3,42.3601,-71.0942,101,2100,-65.6904687490665,-12.3895804459678,6.19669725075106
15-Mar-2026 10:11:14,42.3592006210143,-71.0888767634226,3,42.3601,-71.0942,101,2100,-65.3788827149537,-11.9054542899298,6.15273090045969
15-Mar-2026 10:11:16,42.3592042142752,-71.0887454348992,3,42.3601,-71.0942,101,2100,-65.691396094731,-10.8465959952326,7.19699596117086
15-Mar-2026 10:11:18,42.3605339678768,-71.0996486906539,4,42.3601,-71.0942,101,2100,-62.4820289739831,-12.7533523423144,5.51380782586262
15-Mar-2026 10:11:20,42.3605563925715,-71.0995670451474,4,42.3601,-71.0942,101,2100,-57.0468191932888,-11.2431484863208,8.86041720842838
15-Mar-2026 10:11:22,42.3605687720025,-71.099494566633,4,42.3601,-71.0942,101,2100,-59.4154334457799,-12.1918875324269,9.53766621298793
15-Mar-2026 10:11:24,42.3605556180844,-71.0993876896123,4,42.3601,-71.0942,101,2100,-58.2994967512385,-10.299696236215,7.49828567400365
15-Mar-2026 10:11:26,42.360554748115,-71.0992731345853,4,42.3601,-71.0942,101,2100,-59.1833591760687,-10.2363431422881,12.3127123445271
15-Mar-2026 10:11:28,42.3605558146988,-71.0991958956961,4,42.3601,-71.0942,101,2100,-54.8252154202159,-11.7411741421168,9.23257963051819
15-Mar-2026 10:11:30,42.3605279019308,-71.099092784337,4,42.3601,-71.0942,101,2100,-58.703241042032,-12.3036436603444,8.29605803861568
15-Mar-2026 10:11:32,42.3605492798442,-71.0989989936489,4,42.3601,-71.0942,101,2100,-56.2998654527154,-12.4166555024317,13.051237723056
15-Mar-2026 10:11:34,42.3605561261252,-71.0988995238519,4,42.3601,-71.0942,101,2100,-55.1047161987408,-11.3192955093722,9.82753737658567
15-Mar-2026 10:11:36,42.3605577529351,-71.0987869931378,4,42.3601,-71.0942,101,2100,-53.2336587250911,-10.8303740292726,12.3090037206915
15-Mar-2026 10:11:38,42.3605358456695,-71.0987002837216,4,42.3601,-71.0942,101,2100,-51.834871212625,-10.4457217467275,9.63136103052279
15-Mar-2026 10:11:40,42.3605472011479,-71.0985745167373,4,42.3601,-71.0942,101,2100,-51.6082192889557,-9.66895677560806,12.0467184178541
15-Mar-2026 10:11:42,42.3605312115179,-71.0984852885437,4,42.3601,-71.0942,101,2100,-51.3384091220967,-12.4828840651267,14.7611288930298
15-Mar-2026 10:11:44,42.3605752829504,-71.0984437143687,4,42.3601,-71.0942,101,2100,-50.7776095529843,-9.63411566428614,10.6189396691335
15-Mar-2026 10:11:46,42.3605433411567,-71.0983456781361,4,42.3601,-71.0942,101,2100,-45.0848573187231,-11.3717145065082,11.6847019054072
15-Mar-2026 10:11:48,42.3605390156769,-71.0981940496095,4,42.3601,-71.0942,101,2100,-45.9289475321866,-11.4326378076237,14.8902835446841
15-Mar-2026 10:11:50,42.3605275838782,-71.0981458666865,4,42.3601,-71.0942,101,2100,-47.1946034780304,-11.1580922022793,11.4611000847466
15-Mar-2026 10:11:52,42.3605401339597,-71.0980033965091,4,42.3601,-71.0942,101,2100,-49.0379852760088,-12.1046045103896,11.325359869796
15-Mar-2026 10:11:54,42.3605478267113,-71.0978898652175,4,42.3601,-71.0942,101,2100,-46.1776549606566,-9.75591496106553,12.7723545879832
15-Mar-2026 10:11:56,42.3605465722116,-71.0978187577499,4,42.3601,-71.0942,101,2100,-46.1619878012337,-11.0847626283171,16.7649896430733
15-Mar-2026 10:11:58,42.3605542454218,-71.0977083937235,4,42.3601,-71.0942,101,2100,-44.6407586617406,-11.6413624054688,18.0869588352009
15-Mar-2026 10:12:00,42.360538710261,-71.0976265041738,4,42.3601,-71.0942,101,2100,-45.0776052616918,-11.4960755147053,14.8168818084585
15-Mar-2026 10:12:02,42.3605463966354,-71.0975124632313,4,42.3601,-71.0942,101,2100,-44.639928756421,-10.3121572288841,14.7716697265728
15-Mar-2026 10:12:04,42.3605524042569,-71.0974196420402,4,42.3601,-71.0942,101,2100,-49.0024563949716,-8.66570072946292,9.67136252480948
15-Mar-2026 10:12:06,42.3605200246519,-71.0973364499686,4,42.3601,-71.0942,101,2100,-49.237067566529,-9.46628556309803,14.6062522743816
15-Mar-2026 10:12:08,42.3605553951226,-71.0972373307848,4,42.3601,-71.0942,101,2100,-46.9488228282833,-8.81594540469457,14.8909816245588
15-Mar-2026 10:12:10,42.3605461354116,-71.0971827825619,4,42.3601,-71.0942,101,2100,-46.9921744350616,-10.1001932179682,12.9470715280021
15-Mar-2026 10:12:12,42.3605136629506,-71.0970430782939,4,42.3601,-71.0942,101,2100,-51.9945612309877,-10.2921242257673,11.2976819275381
15-Mar-2026 10:12:14,42.3605541493573,-71.0969530464822,4,42.3601,-71.0942,101,2100,-49.7577081063609,-9.89769013623038,14.0607349867156
15-Mar-2026 10:12:16,42.3605362200109,-71.0968698719139,4,42.3601,-71.0942,101,2100,-50.9374573970787,-9.20751110256526,14.8128438810594
15-Mar-2026 10:12:18,42.3605375177424,-71.0967281189986,4,42.3601,-71.0942,101,2100,-54.0121446106806,-8.59479429265866,16.6543688802788
15-Mar-2026 10:12:20,42.3605572530537,-71.0966338738135,4,42.3601,-71.0942,101,2100,-54.7188060725947,-9.32264781329152,16.5770554930319
15-Mar-2026 10:12:22,42.3605366549367,-71.096566933867,4,42.3601,-71.0942,101,2100,-54.5727153177191,-9.44831147216279,14.7707187681513
15-Mar-2026 10:12:24,42.3605448649538,-71.0964747513336,4,42.3601,-71.0942,101,2100,-56.3545222272089,-8.18468962958567,14.3139675952263
15-Mar-2026 10:12:26,42.3605558852513,-71.0963489374676,4,42.3601,-71.0942,101,2100,-56.3904169219349,-9.32987671766714,14.8969808261757
15-Mar-2026 10:12:28,42.3605469063691,-71.0962734634292,4,42.3601,-71.0942,101,2100,-57.2477337622735,-8.36595415584011,12.9878300844465
15-Mar-2026 10:12:30,42.3605601540368,-71.0962023632671,4,42.3601,-71.0942,101,2100,-59.3464019274252,-9.10258530724216,14.7904651332417
15-Mar-2026 10:12:32,42.3605351651976,-71.0960746000477,4,42.3601,-71.0942,101,2100,-57.1303657256797,-8.78738555802164,15.6685210213733
15-Mar-2026 10:12:34,42.3605519410899,-71.0959949199435,4,42.3601,-71.0942,101,2100,-56.1502788844449,-8.68357147897582,18.6714275417402
15-Mar-2026 10:12:36,42.3605551279281,-71.0958867990574,4,42.3601,-71.0942,101,2100,-55.8569792679186,-10.596103734821,17.7806481295433
15-Mar-2026 10:12:38,42.3605343923988,-71.0957784873086,4,42.3601,-71.0942,101,2100,-55.9511783771199,-9.3647024798255,16.5823895768482
15-Mar-2026 10:12:40,42.36054984236,-71.0956679000338,4,42.3601,-71.0942,101,2100,-55.8107271350999,-8.8734094234338,15.2744244718337
15-Mar-2026 10:12:42,42.3605391100957,-71.0956094699286,4,42.3601,-71.0942,101,2100,-55.3261783156961,-9.00780001028353,15.645754056475
15-Mar-2026 10:12:44,42.3605357057019,-71.0955025767853,4,42.3601,-71.0942,101,2100,-53.4031193116315,-9.00080044513587,18.77308293052
15-Mar-2026 10:12:46,42.3605598039543,-71.095362761086,4,42.3601,-71.0942,101,2100,-54.085247891321,-8.98170681921738,22.6412455723395
15-Mar-2026 10:12:48,42.3605468831484,-71.0953027102702,4,42.3601,-71.0942,101,2100,-50.6737156660694,-10.4320765571004,21.9072302896477
15-Mar-2026 10:12:50,42.3605216847611,-71.0952129395942,4,42.3601,-71.0942,101,2100,-49.6266197530697,-8.98808367781545,20.0627711169897
15-Mar-2026 10:12:52,42.3605511751277,-71.0951337070247,4,42.3601,-71.0942,101,2100,-48.5493507985679,-9.92496057749396,16.1927003328423
15-Mar-2026 10:12:54,42.3605345768783,-71.0949859647994,4,42.3601,-71.0942,101,2100,-43.4920530555952,-9.57314129189041,19.228163363603
15-Mar-2026 10:12:56,42.3605632606492,-71.0949072779308,4,42.3601,-71.0942,101,2100,-41.9704450928534,-9.68677510764122,17.0122894629057
15-Mar-2026 10:12:58,42.3605637410648,-71.0948338913568,4,42.3601,-71.0942,101,2100,-42.2029305200229,-10.910692234089,20.2875334093289
15-Mar-2026 10:13:00,42.3605589592746,-71.0946965745335,4,42.3601,-71.0942,101,2100,-39.0539037762294,-8.697188093549,20.23863103235
15-Mar-2026 10:13:02,42.3605544450697,-71.0946376000061,4,42.3601,-71.0942,101,2100,-36.5671650868494,-8.0845308077011,19.7028786691277
15-Mar-2026 10:13:04,42.3605480674289,-71.0945215196083,4,42.3601,-71.0942,101,2100,-33.2798635390113,-9.19113518173779,18.8756796746498
15-Mar-2026 10:13:06,42.3605615012937,-71.0944164210018,4,42.3601,-71.0942,101,2100,-34.9685019212518,-7.87480374102943,17.6578185491116
15-Mar-2026 10:13:08,42.3605456339093,-71.0943554667467,4,42.3601,-71.0942,101,2100,-28.9499883673777,-10.0379817735286,19.9894092499873
15-Mar-2026 10:13:10,42.3605658449669,-71.094225754417,4,42.3601,-71.0942,101,2100,-30.7777073598993,-8.22113516708925,21.6545011282792
15-Mar-2026 10:13:12,42.3605636533475,-71.0941018672236,4,42.3601,-71.0942,101,2100,-28.5137136263559,-7.00888183424391,20.1777689028139
15-Mar-2026 10:13:14,42.3605359479773,-71.0940145389616,4,42.3601,-71.0942,101,2100,-28.8614110932544,-8.84835131205496,17.4885825159583
15-Mar-2026 10:13:16,42.3605258471527,-71.0939417282152,4,42.3601,-71.0942,101,2100,-26.910690680622,-7.2382475123831,21.7629793345372
15-Mar-2026 10:13:18,42.3605400260708,-71.0938186473548,4,42.3601,-71.0942,101,2100,-31.774155792341,-8.90929961266716,16.3062802163408
15-Mar-2026 10:13:20,42.3605429508486,-71.0936817741947,4,42.3601,-71.0942,101,2100,-28.6878195588266,-8.03474097896073,22.2989438658479
15-Mar-2026 10:13:22,42.3605557681993,-71.0936401693347,4,42.3601,-71.0942,101,2100,-31.823621474881,-9.27151413908342,17.8689058550248
15-Mar-2026 10:13:24,42.3605497736119,-71.0935389718694,4,42.3601,-71.0942,101,2100,-31.5238372746341,-9.75233699340942,19.7633020766533
15-Mar-2026 10:13:26,42.3605659834561,-71.0934465689082,4,42.3601,-71.0942,101,2100,-35.0584058347005,-7.44177591071361,21.3326678547228
15-Mar-2026 10:13:28,42.3605335171761,-71.0933749247285,4,42.3601,-71.0942,101,2100,-33.7095974439275,-7.98652420117685,20.1382725239317
15-Mar-2026 10:13:30,42.3605588184058,-71.093255797058,4,42.3601,-71.0942,101,2100,-36.8057258950066,-10.0111713928235,17.1444571530715
15-Mar-2026 10:13:32,42.3605327782904,-71.0931620005361,4,42.3601,-71.0942,101,2100,-37.7640141620914,-7.97541587984297,19.980776748059
15-Mar-2026 10:13:34,42.3605725199119,-71.0930627395699,4,42.3601,-71.0942,101,2100,-37.842937267677,-8.51690442867064,17.6266084896961
15-Mar-2026 10:13:36,42.3605320544012,-71.0929764799698,4,42.3601,-71.0942,101,2100,-36.6256322620726,-9.06427078573568,21.1522706258782
15-Mar-2026 10:13:38,42.3605484831531,-71.0928501694934,4,42.3601,-71.0942,101,2100,-37.9603220316234,-9.78756145908023,15.9133619288184
15-Mar-2026 10:13:40,42.3605407871077,-71.0927576660846,4,42.3601,-71.0942,101,2100,-41.0401439847456,-9.5731331715064,19.2384470311022
15-Mar-2026 10:13:42,42.3605683745658,-71.092662860182,4,42.3601,-71.0942,101,2100,-40.5355147138672,-8.76363220588896,20.3827671405592
15-Mar-2026 10:13:44,42.3605512749123,-71.0925770679263,4,42.3601,-71.0942,101,2100,-44.7269919027384,-9.20700175552899,17.5042552740701
15-Mar-2026 10:13:46,42.3605485973898,-71.0924635928756,4,42.3601,-71.0942,101,2100,-42.5329170968827,-9.79548932909965,14.3653431897918
15-Mar-2026 10:13:48,42.3605320934426,-71.0923926763117,4,42.3601,-71.0942,101,2100,-41.8487315666702,-8.98917206290229,14.3243674820321
15-Mar-2026 10:13:50,42.3605561227796,-71.0922609861987,4,42.3601,-71.0942,101,2100,-43.7871562820422,-9.62861775888446,13.9029894449602
15-Mar-2026 10:13:52,42.3605586117807,-71.0921966052322,4,42.3601,-71.0942,101,2100,-43.9821596223607,-9.15134761048374,17.4289906896329
15-Mar-2026 10:13:54,42.3605465502216,-71.092053951652,4,42.3601,-71.0942,101,2100,-45.2730439293637,-9.92510870240049,15.8395115477184
15-Mar-2026 10:13:56,42.3605609461006,-71.0919916833626,4,42.3601,-71.0942,101,2100,-45.5520280318459,-9.42158412622597,16.4827826628846
15-Mar-2026 10:13:58,42.360526727835,-71.0918709225855,4,42.3601,-71.0942,101,2100,-45.3982355819014,-10.8327638308995,15.1962201119406
15-Mar-2026 10:14:00,42.3605536205235,-71.0917815703283,4,42.3601,-71.0942,101,2100,-45.9768747585729,-10.8120216533477,14.1727818426036
15-Mar-2026 10:14:02,42.3605477198126,-71.0916949373156,4,42.3601,-71.0942,101,2100,-49.5189836421626,-8.58201679920182,14.8747322171493
15-Mar-2026 10:14:04,42.3605513699045,-71.0916010205225,4,42.3601,-71.0942,101,2100,-47.5347281729277,-9.75693484131945,14.8975042096351
15-Mar-2026 10:14:06,42.3605516709214,-71.0914952329595,4,42.3601,-71.0942,101,2100,-47.5851514760249,-9.36488181166692,15.3075318611938
15-Mar-2026 10:14:08,42.3605446705765,-71.0913681770054,4,42.3601,-71.0942,101,2100,-49.0579543281415,-10.9042701561019,15.7552600404675
15-Mar-2026 10:14:10,42.3605377665784,-71.0913159446036,4,42.3601,-71.0942,101,2100,-50.0972714747529,-9.71906278841837,14.0748332355763
15-Mar-2026 10:14:12,42.3605679561542,-71.0911921999907,4,42.3601,-71.0942,101,2100,-50.9308962075909,-8.33960264159773,15.6631584166204
15-Mar-2026 10:14:14,42.3605298362758,-71.0911038358061,4,42.3601,-71.0942,101,2100,-50.8754003515519,-9.31828253927845,17.2803562121914
15-Mar-2026 10:14:16,42.3605587673157,-71.091021565648,4,42.3601,-71.0942,101,2100,-51.1005681449269,-9.03877198715454,15.6191101992299
15-Mar-2026 10:14:18,42.3605261491228,-71.0908795637393,4,42.3601,-71.0942,101,2100,-53.1411573973069,-9.76741993342567,12.2953830854609
15-Mar-2026 10:14:20,42.3605543171158,-71.0908346287187,4,42.3601,-71.0942,101,2100,-53.2650898662724,-9.79742296909401,14.3323733410079
15-Mar-2026 10:14:22,42.3605062378675,-71.0907012436134,4,42.3601,-71.0942,101,2100,-58.8253440675206,-11.8176410842511,13.0038892118631
15-Mar-2026 10:14:24,42.3605539195324,-71.0905978804022,4,42.3601,-71.0942,101,2100,-59.0741609275748,-9.9223513952023,11.3985127561431
15-Mar-2026 10:14:26,42.3605723302454,-71.0904964731391,4,42.3601,-71.0942,101,2100,-60.2983953476376,-11.1370027889677,13.0306089394149
15-Mar-2026 10:14:28,42.3605418842078,-71.0904172138134,4,42.3601,-71.0942,101,2100,-56.3631753944597,-10.1917623401366,16.3614492426256
15-Mar-2026 10:14:30,42.3605428056323,-71.0903300191197,4,42.3601,-71.0942,101,2100,-59.7782959936518,-10.7992663469151,12.186129779644
15-Mar-2026 10:14:32,42.3605355514785,-71.0902383526518,4,42.3601,-71.0942,101,2100,-61.2961866390867,-10.2018025690183,12.3500248426183
15-Mar-2026 10:14:34,42.3605657586187,-71.0901462065011,4,42.3601,-71.0942,101,2100,-63.3742573187854,-8.029577982155,9.64779243444366
15-Mar-2026 10:14:36,42.36056475681,-71.0900328842059,4,42.3601,-71.0942,101,2100,-61.1580883455775,-10.8967601714721,13.0155063096872
15-Mar-2026 10:14:38,42.3605376030549,-71.089962772319,4,42.3601,-71.0942,101,2100,-67.5869292242948,-11.7775511155816,9.46375312812313
15-Mar-2026 10:14:40,42.3605456942646,-71.0898048326244,4,42.3601,-71.0942,101,2100,-67.2445949922883,-9.75980110435637,8.58019045449928
15-Mar-2026 10:14:42,42.3605464932765,-71.0897620556814,4,42.3601,-71.0942,101,2100,-68.2744568895353,-10.250554805662,12.2756338638918
15-Mar-2026 10:14:44,42.3605363491125,-71.0896604224427,4,42.3601,-71.0942,101,2100,-66.1994172588939,-11.7671883304719,10.3964704110147
15-Mar-2026 10:14:46,42.3605376835334,-71.089506566243,4,42.3601,-71.0942,101,2100,-69.1165353101413,-10.6171830075957,10.3247766692429
15-Mar-2026 10:14:48,42.3605377582885,-71.0894372597104,4,42.3601,-71.0942,101,2100,-67.8464862203554,-11.5128286660134,10.7314456912892
15-Mar-2026 10:14:50,42.3605375283075,-71.0893563140208,4,42.3601,-71.0942,101,2100,-67.2743398029735,-11.6536361292249,9.85935008381809
15-Mar-2026 10:14:52,42.3605487939296,-71.0892260716026,4,42.3601,-71.0942,101,2100,-70.0483094257243,-10.7702852488871,10.5542390524
15-Mar-2026 10:14:54,42.3605491032602,-71.0891772746341,4,42.3601,-71.0942,101,2100,-70.9689543616585,-10.8676457737981,8.38919003977468
15-Mar-2026 10:14:56,42.3605274293254,-71.0890668598453,4,42.3601,-71.0942,101,2100,-68.6413035766042,-11.302595472757,17.3669235261333
15-Mar-2026 10:14:58,42.3605358806563,-71.088967325548,4,42.3601,-71.0942,101,2100,-68.9765521781249,-10.950427255071,10.0835572236431
15-Mar-2026 10:15:00,42.3605557861734,-71.0888779175563,4,42.3601,-71.0942,101,2100,-67.937102435044,-11.5953429698449,8.82343906977362
15-Mar-2026 10:15:02,42.3605465409248,-71.0887688571119,4,42.3601,-71.0942,101,2100,-68.380247328597,-11.6115980649434,8.51030300057776
15-Mar-2026 10:15:04,42.3618813354113,-71.0996814805123,5,42.3601,-71.0942,101,2100,-63.8993373958733,-12.0114740938893,6.15681108688161
15-Mar-2026 10:15:06,42.3619044284443,-71.0995886759086,5,42.3601,-71.0942,101,2100,-63.8752862967523,-11.416166496368,7.51667296253592
15-Mar-2026 10:15:08,42.3619058911628,-71.0994688445832,5,42.3601,-71.0942,101,2100,-67.4424058790313,-11.7736267347583,7.83740195479425
15-Mar-2026 10:15:10,42.3619102944015,-71.0994167448746,5,42.3601,-71.0942,101,2100,-68.9734958918461,-11.5815333212904,6.79102299145322
15-Mar-2026 10:15:12,42.3619122868052,-71.0992686025921,5,42.3601,-71.0942,101,2100,-69.5815284014476,-11.3913931831467,10.3140029678072
15-Mar-2026 10:15:14,42.3618971183058,-71.0992363273382,5,42.3601,-71.0942,101,2100,-71.0035807297219,-12.2690574283638,8.09047729722859
15-Mar-2026 10:15:16,42.3618902861802,-71.0990950394708,5,42.3601,-71.0942,101,2100,-71.0029588564844,-11.9400223747121,12.9295828917613
15-Mar-2026 10:15:18,42.36189642017,-71.0989876335151,5,42.3601,-71.0942,101,2100,-69.5960124458926,-11.5434618570845,6.57082543832097
15-Mar-2026 10:15:20,42.3618971604766,-71.0989019725299,5,42.3601,-71.0942,101,2100,-72.476149255965,-11.2301135962158,8.50644234713815
15-Mar-2026 10:15:22,42.3619024395904,-71.0988387073737,5,42.3601,-71.0942,101,2100,-72.2405390171425,-11.130712719446,7.61552583347569
15-Mar-2026 10:15:24,42.3619027726375,-71.0987228556378,5,42.3601,-71.0942,101,2100,-71.302428858814,-12.1710131374912,6.775598278088
15-Mar-2026 10:15:26,42.3619048227449,-71.0985847595731,5,42.3601,-71.0942,101,2100,-70.8032527617623,-10.1347947081898,8.06946164474766
15-Mar-2026 10:15:28,42.3619120974169,-71.0985210621509,5,42.3601,-71.0942,101,2100,-73.7905189403397,-10.4314128584757,9.87035844380194
15-Mar-2026 10:15:30,42.3619125719906,-71.0984077728497,5,42.3601,-71.0942,101,2100,-72.760460754882,-12.8857374816281,8.27267634447978
15-Mar-2026 10:15:32,42.3619033918731,-71.0983191551711,5,42.3601,-71.0942,101,2100,-69.7252060701232,-10.6073976013568,12.6295947685012
15-Mar-2026 10:15:34,42.361921421412,-71.0982227072981,5,42.3601,-71.0942,101,2100,-71.0440272546285,-11.7344957178359,12.7347393935359
15-Mar-2026 10:15:36,42.3618976332341,-71.09809774954,5,42.3601,-71.0942,101,2100,-69.6229948906633,-11.0964868136411,11.352173251686
15-Mar-2026 10:15:38,42.3619223664699,-71.0980271284983,5,42.3601,-71.0942,101,2100,-67.5457015996185,-11.4653452173267,10.6121660862587
15-Mar-2026 10:15:40,42.3618937811382,-71.0979427350693,5,42.3601,-71.0942,101,2100,-65.0331277380102,-10.8846104798554,8.89583551100664
15-Mar-2026 10:15:42,42.3618878588952,-71.0978194492468,5,42.3601,-71.0942,101,2100,-64.5238441069965,-10.5821606244792,8.00025143148739
15-Mar-2026 10:15:44,42.3619022396125,-71.0977539152745,5,42.3601,-71.0942,101,2100,-62.0310939001594,-11.0968519886219,8.73370155956135
15-Mar-2026 10:15:46,42.3619244887077,-71.0976289773237,5,42.3601,-71.0942,101,2100,-63.3093048004312,-10.512222222205,9.6116590917211
15-Mar-2026 10:15:48,42.3619031803272,-71.0975198877595,5,42.3601,-71.0942,101,2100,-57.9181661667073,-9.53267624803445,13.6337417354711
15-Mar-2026 10:15:50,42.3618871286672,-71.0974055173824,5,42.3601,-71.0942,101,2100,-56.3433968461378,-10.4555661341744,11.5115062820574
15-Mar-2026 10:15:52,42.3618890650245,-71.0973204154484,5,42.3601,-71.0942,101,2100,-58.4367459581165,-10.8424058298069,11.5245110739076
15-Mar-2026 10:15:54,42.3618917227148,-71.0972251600461,5,42.3601,-71.0942,101,2100,-55.3379004131476,-10.9981120644059,14.235143095779
15-Mar-2026 10:15:56,42.3618968847221,-71.0971252355893,5,42.3601,-71.0942,101,2100,-53.8992019839266,-9.24828560677345,8.10524066728141
15-Mar-2026 10:15:58,42.3619082405815,-71.0970379514105,5,42.3601,-71.0942,101,2100,-49.5799012031943,-9.55680747507981,9.25123930423651
15-Mar-2026 10:16:00,42.3619102242514,-71.0969533447495,5,42.3601,-71.0942,101,2100,-52.21081248747,-9.84928610298826,12.5490799216038
15-Mar-2026 10:16:02,42.3618765119214,-71.0968348587399,5,42.3601,-71.0942,101,2100,-47.0281025888976,-10.1250544737895,17.775035113711
15-Mar-2026 10:16:04,42.361900679771,-71.0967445937707,5,42.3601,-71.0942,101,2100,-46.7128442494538,-10.4875089633051,14.5496703631765
15-Mar-2026 10:16:06,42.3619152060675,-71.0966867264953,5,42.3601,-71.0942,101,2100,-47.8798876479953,-9.93188904853019,12.3096740473601
15-Mar-2026 10:16:08,42.3618762928446,-71.0965510236147,5,42.3601,-71.0942,101,2100,-47.3175927941612,-9.14731768012787,14.5429284444775
15-Mar-2026 10:16:10,42.3618963598402,-71.0964613834075,5,42.3601,-71.0942,101,2100,-44.474781357221,-10.0640245201117,13.7869246103801
15-Mar-2026 10:16:12,42.3619029897143,-71.0963609821321,5,42.3601,-71.0942,101,2100,-41.4229108411081,-10.6036406442977,13.7438477461861
15-Mar-2026 10:16:14,42.3618898112106,-71.0962732026839,5,42.3601,-71.0942,101,2100,-45.3911744926215,-9.52718369315503,14.0058257201869
15-Mar-2026 10:16:16,42.3618993274527,-71.0962032476662,5,42.3601,-71.0942,101,2100,-42.3183818530804,-10.9702260478751,16.3027026466991
15-Mar-2026 10:16:18,42.3619233392025,-71.0960841772108,5,42.3601,-71.0942,101,2100,-38.5894891731545,-9.18852153156963,14.9627865931329
15-Mar-2026 10:16:20,42.3619170498321,-71.0960070498943,5,42.3601,-71.0942,101,2100,-40.186052067203,-10.3565170613223,13.565269279551
15-Mar-2026 10:16:22,42.3619063940101,-71.0958623207826,5,42.3601,-71.0942,101,2100,-40.7048766360036,-11.0818675110681,15.7432168191283
15-Mar-2026 10:16:24,42.3619031730888,-71.0957699004877,5,42.3601,-71.0942,101,2100,-40.556968455196,-10.330333439154,14.8181244038358
15-Mar-2026 10:16:26,42.3619010374377,-71.0956846488879,5,42.3601,-71.0942,101,2100,-37.583658419812,-9.58147585448323,14.2120328448509
15-Mar-2026 10:16:28,42.3619209899338,-71.0956267220218,5,42.3601,-71.0942,101,2100,-41.1643033251312,-7.97829606432112,13.6996445905897
15-Mar-2026 10:16:30,42.3619031320976,-71.0954915585129,5,42.3601,-71.0942,101,2100,-41.0542242043096,-8.33350898139588,13.4317597742993
15-Mar-2026 10:16:32,42.3618898764466,-71.095394284126,5,42.3601,-71.0942,101,2100,-43.7162839273452,-9.15525013609422,12.552065782452
15-Mar-2026 10:16:34,42.3619050148166,-71.0953068474692,5,42.3601,-71.0942,101,2100,-41.960944266579,-10.3704674449116,17.6737329424346
15-Mar-2026 10:16:36,42.3619009230693,-71.0951832118808,5,42.3601,-71.0942,101,2100,-44.7555814691524,-11.4447271166847,15.5133169223267
15-Mar-2026 10:16:38,42.3619014303181,-71.0950722669189,5,42.3601,-71.0942,101,2100,-41.0355346492737,-9.12226474345302,19.0420121123081
15-Mar-2026 10:16:40,42.3618986156169,-71.0950000409858,5,42.3601,-71.0942,101,2100,-44.6062489622013,-8.71963591225154,14.4148662360897
15-Mar-2026 10:16:42,42.3619069960343,-71.0949261638362,5,42.3601,-71.0942,101,2100,-43.7825404445024,-10.4115506950591,15.2639394895453
15-Mar-2026 10:16:44,42.3619029414183,-71.0948588289228,5,42.3601,-71.0942,101,2100,-45.9796512862151,-9.41082902980806,17.348329724718
15-Mar-2026 10:16:46,42.361897397191,-71.0947208881126,5,42.3601,-71.0942,101,2100,-45.5067735618665,-9.52777593889669,13.0472000481325
15-Mar-2026 10:16:48,42.3619182619441,-71.0946140591882,5,42.3601,-71.0942,101,2100,-46.1693711905851,-10.0341144392873,16.9977054273577
15-Mar-2026 10:16:50,42.3618925954829,-71.0945120149676,5,42.3601,-71.0942,101,2100,-47.6523465993338,-10.9497710282933,13.4551974148007
15-Mar-2026 10:16:52,42.361881828349,-71.0944047148018,5,42.3601,-71.0942,101,2100,-48.616810600879,-10.0079671627688,16.174784349107
15-Mar-2026 10:16:54,42.3618668920522,-71.0943188200585,5,42.3601,-71.0942,101,2100,-47.876217670952,-10.070072696799,12.716857539918
15-Mar-2026 10:16:56,42.361899878203,-71.0942521349087,5,42.3601,-71.0942,101,2100,-47.5603287704315,-9.91238926989858,14.2786528461369
15-Mar-2026 10:16:58,42.3619005469544,-71.0941078373934,5,42.3601,-71.0942,101,2100,-51.2890554976331,-9.65967352645449,14.6776787671941
15-Mar-2026 10:17:00,42.3618876716951,-71.0940480543266,5,42.3601,-71.0942,101,2100,-49.5401934835234,-9.4564350090998,16.0087224273235
15-Mar-2026 10:17:02,42.3618867384135,-71.0939507715177,5,42.3601,-71.0942,101,2100,-52.7442329715894,-8.52992552151979,17.522507217543
15-Mar-2026 10:17:04,42.3618996955331,-71.0938394798207,5,42.3601,-71.0942,101,2100,-52.9223692344687,-9.2365718895793,18.9836410377251
15-Mar-2026 10:17:06,42.3618920930961,-71.093745445116,5,42.3601,-71.0942,101,2100,-54.3857428989841,-8.98445691036551,18.3259993255041
15-Mar-2026 10:17:08,42.3619081741143,-71.0936829292565,5,42.3601,-71.0942,101,2100,-57.2435344880733,-9.78651784000778,16.8877876135526
15-Mar-2026 10:17:10,42.3618599495399,-71.0935535527328,5,42.3601,-71.0942,101,2100,-54.3647074797868,-10.5908254089457,13.6150970778042
15-Mar-2026 10:17:12,42.3619385625017,-71.093476683641,5,42.3601,-71.0942,101,2100,-58.2736946199435,-10.2296815588445,14.2999117579824
15-Mar-2026 10:17:14,42.3618875524668,-71.0933588301495,5,42.3601,-71.0942,101,2100,-57.2996625576954,-8.55555983136046,10.0792355952762
15-Mar-2026 10:17:16,42.3619259900621,-71.093273961282,5,42.3601,-71.0942,101,2100,-56.4621883970865,-9.92715678455169,14.08870775059
15-Mar-2026 10:17:18,42.3619008726043,-71.0930978808022,5,42.3601,-71.0942,101,2100,-58.2569673519095,-10.9393198541226,15.4715230485662
15-Mar-2026 10:17:20,42.3619046067494,-71.0930691907938,5,42.3601,-71.0942,101,2100,-58.8262968983129,-10.9476375139528,11.5989031941333
15-Mar-2026 10:17:22,42.3619084694351,-71.0929452927379,5,42.3601,-71.0942,101,2100,-59.5840431512204,-8.98338954093558,16.8385349532301
15-Mar-2026 10:17:24,42.3619052478411,-71.0928859613967,5,42.3601,-71.0942,101,2100,-60.5565809511859,-10.4169045805277,16.4999574040328
15-Mar-2026 10:17:26,42.3619060451348,-71.0927815641761,5,42.3601,-71.0942,101,2100,-58.717967994493,-10.5247192529231,13.6071588243695
15-Mar-2026 10:17:28,42.3619183789315,-71.0926659949805,5,42.3601,-71.0942,101,2100,-58.9156587786153,-8.49826086222297,18.1302792700921
15-Mar-2026 10:17:30,42.3618770347847,-71.0925595133943,5,42.3601,-71.0942,101,2100,-56.9256845303684,-10.7758401926055,10.8842587289038
15-Mar-2026 10:17:32,42.3618846790337,-71.0924559895451,5,42.3601,-71.0942,101,2100,-56.9577609387049,-11.2141259370317,15.1295091669421
15-Mar-2026 10:17:34,42.3619113568596,-71.0923933067556,5,42.3601,-71.0942,101,2100,-58.1776788059068,-9.45894791751307,12.8844955585299
15-Mar-2026 10:17:36,42.3618934839022,-71.0922769224618,5,42.3601,-71.0942,101,2100,-56.5725725806438,-10.6572671552789,13.6819764518167
15-Mar-2026 10:17:38,42.361893141759,-71.0921712306571,5,42.3601,-71.0942,101,2100,-55.0620549628915,-9.49452622721942,12.6284410080954
15-Mar-2026 10:17:40,42.3619094889331,-71.0920960795486,5,42.3601,-71.0942,101,2100,-54.6661942683725,-10.2272772056954,14.0430243092947
15-Mar-2026 10:17:42,42.3618740464277,-71.091964391594,5,42.3601,-71.0942,101,2100,-58.3258189785312,-10.1650370187713,16.3159749519821
15-Mar-2026 10:17:44,42.3618883310841,-71.0918832208281,5,42.3601,-71.0942,101,2100,-55.4794992879552,-10.2796055882257,17.3784991912724
15-Mar-2026 10:17:46,42.361877735139,-71.0917732670624,5,42.3601,-71.0942,101,2100,-51.8132221018247,-9.95908470819875,14.6574273268646
15-Mar-2026 10:17:48,42.361890834023,-71.0917138144454,5,42.3601,-71.0942,101,2100,-56.1023515349896,-9.84261582227218,9.91492971773851
15-Mar-2026 10:17:50,42.3619069370665,-71.0915609028843,5,42.3601,-71.0942,101,2100,-53.5514826544338,-10.6169222416234,14.3444983867026
15-Mar-2026 10:17:52,42.361896065306,-71.091489283846,5,42.3601,-71.0942,101,2100,-54.4032314974794,-10.4328195635151,14.0854988811858
15-Mar-2026 10:17:54,42.3619063817865,-71.0914066145878,5,42.3601,-71.0942,101,2100,-55.0385789685385,-8.27577138557053,11.4848990495406
15-Mar-2026 10:17:56,42.3619095619196,-71.0913131029695,5,42.3601,-71.0942,101,2100,-49.390000814177,-9.86764036765077,15.5988890193085
15-Mar-2026 10:17:58,42.3619094263889,-71.0912062894527,5,42.3601,-71.0942,101,2100,-50.8969680101181,-11.6103072728369,12.0328318580728
15-Mar-2026 10:18:00,42.3618932198547,-71.0911056431264,5,42.3601,-71.0942,101,2100,-50.1968875829603,-10.8901600794236,11.6807837009669
15-Mar-2026 10:18:02,42.3619067757646,-71.0910326832414,5,42.3601,-71.0942,101,2100,-52.6311477580945,-8.82532916912918,12.8082294940708
15-Mar-2026 10:18:04,42.3618992578457,-71.0909451023966,5,42.3601,-71.0942,101,2100,-51.244402721253,-10.0327955083223,10.1737018131332
15-Mar-2026 10:18:06,42.3619074155949,-71.0908182558037,5,42.3601,-71.0942,101,2100,-50.9218712391788,-10.3975720579652,11.2236511176169
15-Mar-2026 10:18:08,42.3619040375326,-71.0907097752796,5,42.3601,-71.0942,101,2100,-53.3003896595403,-10.5707285142605,12.3359238274085
15-Mar-2026 10:18:10,42.3619195181538,-71.0906166428255,5,42.3601,-71.0942,101,2100,-50.7658278981373,-11.2160895742691,8.77974071501514
15-Mar-2026 10:18:12,42.3618999262082,-71.0905192651639,5,42.3601,-71.0942,101,2100,-52.4991663181159,-11.5418201169669,11.103142270105
15-Mar-2026 10:18:14,42.3618772286358,-71.0904229912957,5,42.3601,-71.0942,101,2100,-49.8485205610746,-11.0734385666365,10.5990928623277
15-Mar-2026 10:18:16,42.3619230098561,-71.090350989604,5,42.3601,-71.0942,101,2100,-52.0982149564785,-10.8290971476224,12.7509042650465
15-Mar-2026 10:18:18,42.3619290055203,-71.0902267531329,5,42.3601,-71.0942,101,2100,-52.1271050585165,-11.3517510948705,14.575706644021
15-Mar-2026 10:18:20,42.3618988820592,-71.0901319607284,5,42.3601,-71.0942,101,2100,-54.2763950145868,-11.4607610997038,8.26788875670996
15-Mar-2026 10:18:22,42.3619285036674,-71.0900083994076,5,42.3601,-71.0942,101,2100,-53.4487744559687,-9.36435668421261,9.53046748250003
15-Mar-2026 10:18:24,42.3618894859834,-71.0899296831125,5,42.3601,-71.0942,101,2100,-53.1156209378313,-12.3063030107178,8.85904762425688
15-Mar-2026 10:18:26,42.3618725642551,-71.0898477035628,5,42.3601,-71.0942,101,2100,-54.9290778599659,-10.8595621781232,6.45964583281306
15-Mar-2026 10:18:28,42.3619162432499,-71.0897421165386,5,42.3601,-71.0942,101,2100,-54.6587248285189,-10.8874566890881,8.64713658472717
15-Mar-2026 10:18:30,42.3619112040501,-71.0896535167071,5,42.3601,-71.0942,101,2100,-55.0975541446483,-11.6755838215183,10.0551321617358
15-Mar-2026 10:18:32,42.3618967874748,-71.0895924412395,5,42.3601,-71.0942,101,2100,-52.7887252231775,-11.3845144032442,8.24152546017128
15-Mar-2026 10:18:34,42.3619016602276,-71.0894350144321,5,42.3601,-71.0942,101,2100,-58.3286739734854,-10.3388648918698,13.5002542955755
15-Mar-2026 10:18:36,42.3618969452865,-71.0893855133984,5,42.3601,-71.0942,101,2100,-58.31855423551,-12.2905155264136,7.6085373649844
15-Mar-2026 10:18:38,42.3618910342415,-71.0892605106179,5,42.3601,-71.0942,101,2100,-57.6738597067204,-12.1204605313631,8.47773898383937
15-Mar-2026 10:18:40,42.361890453021,-71.0891284524413,5,42.3601,-71.0942,101,2100,-59.0071664009446,-12.6576041044929,8.2675697309941
15-Mar-2026 10:18:42,42.361918121284,-71.0890607870592,5,42.3601,-71.0942,101,2100,-56.1585746633208,-10.400245945143,9.15868878972905
15-Mar-2026 10:18:44,42.3618895830002,-71.0889993367462,5,42.3601,-71.0942,101,2100,-56.8911121822928,-12.5054810827894,10.4677762575357
15-Mar-2026 10:18:46,42.3618983239496,-71.0888642181656,5,42.3601,-71.0942,101,2100,-59.8391439533256,-12.577569429057,9.1394060246884
15-Mar-2026 10:18:48,42.3618998271382,-71.0887712966684,5,42.3601,-71.0942,101,2100,-63.7198359825752,-10.6702316445152,9.42290529751754
15-Mar-2026 10:18:50,42.363233678228,-71.09967839541,6,42.3601,-71.0942,101,2100,-61.5116872799918,-13.8581049736947,6.72609016574786
15-Mar-2026 10:18:52,42.3632592196804,-71.0995965628138,6,42.3601,-71.0942,101,2100,-62.1098822866335,-12.9698356561446,4.00209924542292
15-Mar-2026 10:18:54,42.3632369684217,-71.0994634060133,6,42.3601,-71.0942,101,2100,-61.5461310770469,-13.0627955194529,4.25534821842962
15-Mar-2026 10:18:56,42.3632597126422,-71.0993817659739,6,42.3601,-71.0942,101,2100,-57.9089597329243,-13.4964393473215,-3.05184065822437
15-Mar-2026 10:18:58,42.3632566457632,-71.099287785662,6,42.3601,-71.0942,101,2100,-59.3305450442158,-12.3783786768828,5.96220629864225
15-Mar-2026 10:19:00,42.363250836855,-71.099216100264,6,42.3601,-71.0942,101,2100,-59.4851585632307,-13.3510813249884,7.26100060277624
15-Mar-2026 10:19:02,42.3632619659767,-71.0991016810601,6,42.3601,-71.0942,101,2100,-61.6081592468236,-12.7125512971013,6.2747335872634
15-Mar-2026 10:19:04,42.363264264286,-71.0989898128974,6,42.3601,-71.0942,101,2100,-59.7530269042476,-11.9439474624541,5.43001377106573
15-Mar-2026 10:19:06,42.3632304521324,-71.0989089568236,6,42.3601,-71.0942,101,2100,-60.8735462886482,-12.0411309460005,7.66026915197298
15-Mar-2026 10:19:08,42.363251905395,-71.0988028543773,6,42.3601,-71.0942,101,2100,-59.9095369171686,-12.2335839652647,4.02069106796109
15-Mar-2026 10:19:10,42.3632591001586,-71.0986935162515,6,42.3601,-71.0942,101,2100,-62.2984944011436,-12.446121903502,10.5051276436335
15-Mar-2026 10:19:12,42.363220684863,-71.0986210102498,6,42.3601,-71.0942,101,2100,-60.7311180760962,-12.0975950767914,5.22564998248453
15-Mar-2026 10:19:14,42.3632420699148,-71.0985150259465,6,42.3601,-71.0942,101,2100,-61.7154840779541,-13.2912534990388,10.6235034021885
15-Mar-2026 10:19:16,42.3632333309863,-71.0984181644905,6,42.3601,-71.0942,101,2100,-62.704035408451,-12.6613462788752,6.62594963016583
15-Mar-2026 10:19:18,42.3632593468124,-71.0983039779505,6,42.3601,-71.0942,101,2100,-63.4533819740636,-12.9511244348313,8.458796389328
15-Mar-2026 10:19:20,42.3632199132423,-71.0981885975694,6,42.3601,-71.0942,101,2100,-61.0698617977156,-11.489622591335,8.78014726250229
15-Mar-2026 10:19:22,42.363263742411,-71.0981115977279,6,42.3601,-71.0942,101,2100,-63.1859258483998,-11.4918406043558,8.01707120069791
15-Mar-2026 10:19:24,42.3632541584002,-71.0980274811443,6,42.3601,-71.0942,101,2100,-61.2487948618716,-11.1182884306975,9.52865390726424
15-Mar-2026 10:19:26,42.3632345798902,-71.0979397337685,6,42.3601,-71.0942,101,2100,-63.9494230130638,-10.6822543876952,9.95314232387732
15-Mar-2026 10:19:28,42.3632451565491,-71.0978388562336,6,42.3601,-71.0942,101,2100,-63.4118672935124,-11.5295769583079,7.50482398376827
15-Mar-2026 10:19:30,42.363227156852,-71.0977108337116,6,42.3601,-71.0942,101,2100,-65.0262956913722,-10.6169597724204,6.06184574772035
15-Mar-2026 10:19:32,42.3632091405811,-71.0976362807204,6,42.3601,-71.0942,101,2100,-64.5158714717663,-10.2723785527354,6.20836232174807
15-Mar-2026 10:19:34,42.3632598732437,-71.097537578881,6,42.3601,-71.0942,101,2100,-65.6317695339086,-12.9324210987971,5.88268780629785
15-Mar-2026 10:19:36,42.3632588113455,-71.0973951185996,6,42.3601,-71.0942,101,2100,-63.8456421050574,-10.1698570026785,7.53130131408588
15-Mar-2026 10:19:38,42.3632448087034,-71.0973834997065,6,42.3601,-71.0942,101,2100,-64.7910758448349,-10.75050904548,11.9756707591125
15-Mar-2026 10:19:40,42.3632721659232,-71.0972108498068,6,42.3601,-71.0942,101,2100,-64.6675337536526,-11.9135270559757,5.76437800666262
15-Mar-2026 10:19:42,42.3632410439199,-71.097113386457,6,42.3601,-71.0942,101,2100,-62.7543729890647,-11.5850727101202,10.3564675476164
15-Mar-2026 10:19:44,42.3632631969016,-71.0970476063206,6,42.3601,-71.0942,101,2100,-64.6836793442208,-11.0720389602507,10.1745917453144
15-Mar-2026 10:19:46,42.3632307701544,-71.0969552946885,6,42.3601,-71.0942,101,2100,-63.4202645658169,-11.2639141113481,11.6383736130946
15-Mar-2026 10:19:48,42.3632569085708,-71.0968724488034,6,42.3601,-71.0942,101,2100,-66.5626762353267,-11.5368486860462,14.0672612131557
15-Mar-2026 10:19:50,42.3632324353641,-71.0967316937261,6,42.3601,-71.0942,101,2100,-63.7944889742342,-11.4890343247051,12.584186716047
15-Mar-2026 10:19:52,42.363250622924,-71.0966567391073,6,42.3601,-71.0942,101,2100,-63.4599109378319,-11.8310805837465,10.4633113898983
15-Mar-2026 10:19:54,42.3632505221612,-71.0965676421222,6,42.3601,-71.0942,101,2100,-62.7481517977217,-11.5897238099805,13.060864392663
15-Mar-2026 10:19:56,42.3632670608801,-71.0964512362914,6,42.3601,-71.0942,101,2100,-60.3906349346771,-11.5069847725697,11.1089790304562
15-Mar-2026 10:19:58,42.3632711850379,-71.0963856752143,6,42.3601,-71.0942,101,2100,-61.2221845819467,-10.7587410318212,13.2147569253513
15-Mar-2026 10:20:00,42.3632497452189,-71.0962859788888,6,42.3601,-71.0942,101,2100,-58.6485990635584,-11.3111540153373,10.008777396071
15-Mar-2026 10:20:02,42.3632505296184,-71.096177100926,6,42.3601,-71.0942,101,2100,-61.6214286053515,-11.569693390453,11.5666894601902
15-Mar-2026 10:20:04,42.363262385934,-71.096074563389,6,42.3601,-71.0942,101,2100,-62.0936652285355,-9.51789229933482,10.2280626117956
15-Mar-2026 10:20:06,42.3632313505695,-71.0959585277831,6,42.3601,-71.0942,101,2100,-60.3410326012453,-10.5890282446431,12.458090928827
15-Mar-2026 10:20:08,42.3632258959169,-71.0958830147336,6,42.3601,-71.0942,101,2100,-60.6247970735976,-11.7014771305447,13.7812185060715
15-Mar-2026 10:20:10,42.3632563033739,-71.0957748417947,6,42.3601,-71.0942,101,2100,-57.1103300806844,-10.190943839979,8.09873806410114
15-Mar-2026 10:20:12,42.3632492239036,-71.095684312305,6,42.3601,-71.0942,101,2100,-59.6399283769462,-10.3761110797371,7.48966886319028
15-Mar-2026 10:20:14,42.3632378279254,-71.0956139742635,6,42.3601,-71.0942,101,2100,-62.3437786385719,-10.7749726883948,9.5085182943765
15-Mar-2026 10:20:16,42.3632561600274,-71.0955155998537,6,42.3601,-71.0942,101,2100,-56.5213456367275,-10.49877906445,8.16862506820103
15-Mar-2026 10:20:18,42.3632683429015,-71.0954008655313,6,42.3601,-71.0942,101,2100,-58.1071027889693,-10.2773844733791,11.7541842027608
15-Mar-2026 10:20:20,42.3632428555083,-71.0952985863569,6,42.3601,-71.0942,101,2100,-59.2549397736022,-11.0976287599829,10.3401222431466
15-Mar-2026 10:20:22,42.3632369872196,-71.0951927292744,6,42.3601,-71.0942,101,2100,-58.2617511322072,-10.963647448499,12.0585732334714
15-Mar-2026 10:20:24,42.3632462713246,-71.0950916862674,6,42.3601,-71.0942,101,2100,-57.2400905459805,-11.0721102064796,10.956819449274
15-Mar-2026 10:20:26,42.3632347903272,-71.0949795752364,6,42.3601,-71.0942,101,2100,-58.5569787396106,-10.7102029213431,13.5605718562864
15-Mar-2026 10:20:28,42.3632688410207,-71.0948827504833,6,42.3601,-71.0942,101,2100,-58.2955658551106,-11.3209737427268,14.2077401613
15-Mar-2026 10:20:30,42.3632543875939,-71.0948026204921,6,42.3601,-71.0942,101,2100,-58.2867673022488,-9.98324558133931,8.73056738726816
15-Mar-2026 10:20:32,42.3632617011395,-71.0947165878801,6,42.3601,-71.0942,101,2100,-55.5661453177928,-10.9641706838379,12.0980864855601
15-Mar-2026 10:20:34,42.3632504366983,-71.0945801394246,6,42.3601,-71.0942,101,2100,-57.5134314738575,-10.9934791376713,13.1483426539867
15-Mar-2026 10:20:36,42.3632408181105,-71.0945124496693,6,42.3601,-71.0942,101,2100,-58.1242964929818,-10.4791562520941,11.6682041552274
15-Mar-2026 10:20:38,42.3632595384557,-71.0943890701125,6,42.3601,-71.0942,101,2100,-56.2944389112641,-10.8950629979976,11.021404528928
15-Mar-2026 10:20:40,42.3632509325253,-71.0943336367516,6,42.3601,-71.0942,101,2100,-56.3828869526749,-10.8135602483669,14.9323087488877
15-Mar-2026 10:20:42,42.3632772651803,-71.0942224635314,6,42.3601,-71.0942,101,2100,-55.260018003447,-10.8967131702652,8.25902021143254
15-Mar-2026 10:20:44,42.3632543816662,-71.094123281852,6,42.3601,-71.0942,101,2100,-56.6707933730477,-9.02038260117363,11.4688268427246
15-Mar-2026 10:20:46,42.3632420856146,-71.0940065053199,6,42.3601,-71.0942,101,2100,-56.8030443286974,-10.5157093189054,11.3669100940218
15-Mar-2026 10:20:48,42.363261662347,-71.0939320762642,6,42.3601,-71.0942,101,2100,-55.025480515574,-8.52687484079671,16.0243364004097
15-Mar-2026 10:20:50,42.3632513158924,-71.0938102004997,6,42.3601,-71.0942,101,2100,-58.8140652574929,-11.9581519260045,11.2522699570193
15-Mar-2026 10:20:52,42.3632365703842,-71.0937322911248,6,42.3601,-71.0942,101,2100,-58.4351021526282,-9.43843776547351,9.97111100022518
15-Mar-2026 10:20:54,42.3632463415246,-71.0936328848569,6,42.3601,-71.0942,101,2100,-54.8390379549549,-11.1512289547735,13.0881211110014
15-Mar-2026 10:20:56,42.3632275398121,-71.0935339546554,6,42.3601,-71.0942,101,2100,-57.0077218300263,-10.1003848737285,13.0491786479911
15-Mar-2026 10:20:58,42.3632481002151,-71.0934278348405,6,42.3601,-71.0942,101,2100,-56.2463563117213,-10.2479907610897,8.19472454244381
15-Mar-2026 10:21:00,42.3632408730362,-71.093356186696,6,42.3601,-71.0942,101,2100,-58.817147338492,-11.1764467484926,12.5416071658341
15-Mar-2026 10:21:02,42.3632541826345,-71.0932423391949,6,42.3601,-71.0942,101,2100,-57.413254739572,-9.99659356156749,11.1724796579572
15-Mar-2026 10:21:04,42.3632314480837,-71.0931551874632,6,42.3601,-71.0942,101,2100,-60.0092788489053,-10.1072927492982,13.452471011857
15-Mar-2026 10:21:06,42.363222280951,-71.0930558561416,6,42.3601,-71.0942,101,2100,-58.1929342046051,-10.6358543315223,12.615812428958
15-Mar-2026 10:21:08,42.3632400283834,-71.0929430979492,6,42.3601,-71.0942,101,2100,-61.6644274944698,-10.4122304441736,12.0216180314449
15-Mar-2026 10:21:10,42.3632736834008,-71.0928260994257,6,42.3601,-71.0942,101,2100,-57.8244198925911,-11.2115396501969,16.0795959767309
15-Mar-2026 10:21:12,42.3632429833671,-71.0927619660475,6,42.3601,-71.0942,101,2100,-61.4671701195019,-10.893444682688,10.2424608477075
15-Mar-2026 10:21:14,42.3632544598257,-71.0926707664032,6,42.3601,-71.0942,101,2100,-58.0799021845809,-8.76128258338215,11.1507578622506
15-Mar-2026 10:21:16,42.3632623208851,-71.0925606888334,6,42.3601,-71.0942,101,2100,-61.9596667814482,-11.1706843829554,12.2852018886771
15-Mar-2026 10:21:18,42.3632605288344,-71.0924296815776,6,42.3601,-71.0942,101,2100,-60.1304061511607,-12.3342958378708,8.8887764380014
15-Mar-2026 10:21:20,42.3632295634272,-71.0923564302366,6,42.3601,-71.0942,101,2100,-60.0888033986716,-11.752659728952,12.6171320156655
15-Mar-2026 10:21:22,42.3632599302065,-71.0922829354908,6,42.3601,-71.0942,101,2100,-62.6638375673111,-12.9174295074716,12.8587185647958
15-Mar-2026 10:21:24,42.3632576038007,-71.0921848163019,6,42.3601,-71.0942,101,2100,-61.5549802833691,-11.2187284998609,11.5875258255089
15-Mar-2026 10:21:26,42.3632313916022,-71.0920721108567,6,42.3601,-71.0942,101,2100,-62.4108151905413,-10.3878236331539,10.0415726274147
15-Mar-2026 10:21:28,42.3632479444978,-71.0919950111295,6,42.3601,-71.0942,101,2100,-60.5403626329529,-11.207515223877,10.0628634154983
15-Mar-2026 10:21:30,42.3632409984927,-71.0918550696581,6,42.3601,-71.0942,101,2100,-63.9528746046828,-11.0505044206249,7.37655618096453
15-Mar-2026 10:21:32,42.3632468653695,-71.0917656013007,6,42.3601,-71.0942,101,2100,-65.5285019786371,-11.9814592255421,9.08296169367712
15-Mar-2026 10:21:34,42.3632573036856,-71.0916741912253,6,42.3601,-71.0942,101,2100,-62.3941706780037,-11.4443144090693,13.0374218874168
15-Mar-2026 10:21:36,42.3632400927953,-71.0916189118295,6,42.3601,-71.0942,101,2100,-63.6880454148809,-10.6983634249683,9.63500985515901
15-Mar-2026 10:21:38,42.3632475747037,-71.0915233506648,6,42.3601,-71.0942,101,2100,-60.0546806653116,-11.2409629044199,11.9497260494449
15-Mar-2026 10:21:40,42.363254589103,-71.0914140827794,6,42.3601,-71.0942,101,2100,-60.5577568834964,-11.7808333708703,5.40806800322545
15-Mar-2026 10:21:42,42.3632475675087,-71.0912583193728,6,42.3601,-71.0942,101,2100,-67.5380272437179,-11.7233672087418,11.2006086492204
15-Mar-2026 10:21:44,42.3632553236389,-71.0912010029167,6,42.3601,-71.0942,101,2100,-62.596081315643,-12.214941682001,9.81900877704366
15-Mar-2026 10:21:46,42.3632379794842,-71.0911222000479,6,42.3601,-71.0942,101,2100,-67.0857336206889,-12.1524375057858,7.69887426786142
15-Mar-2026 10:21:48,42.3632586253832,-71.0910136638119,6,42.3601,-71.0942,101,2100,-61.1728820636032,-10.4300797808945,7.20495611163445
15-Mar-2026 10:21:50,42.3632696658886,-71.0909082094288,6,42.3601,-71.0942,101,2100,-62.6560527432086,-12.35938316263,5.97771958494664
15-Mar-2026 10:21:52,42.3632549595235,-71.0908298308032,6,42.3601,-71.0942,101,2100,-64.0662441794838,-11.3861758736339,6.43419348293684
15-Mar-2026 10:21:54,42.3632412335446,-71.0907290819832,6,42.3601,-71.0942,101,2100,-64.5377555661986,-11.1893274007951,8.50169173984899
15-Mar-2026 10:21:56,42.3632487155037,-71.0906249962339,6,42.3601,-71.0942,101,2100,-64.271421655068,-10.818999195269,8.53710090639883
15-Mar-2026 10:21:58,42.3632631479367,-71.0904912714218,6,42.3601,-71.0942,101,2100,-63.2887516606423,-10.5308207844081,7.14319214342631
15-Mar-2026 10:22:00,42.3632561015418,-71.0904183534814,6,42.3601,-71.0942,101,2100,-62.4526480670843,-10.8442717054524,8.87604488437712
15-Mar-2026 10:22:02,42.3632437882309,-71.0903316339537,6,42.3601,-71.0942,101,2100,-60.7203316922238,-13.0321311096664,5.97311549927632
15-Mar-2026 10:22:04,42.363261213845,-71.0902074433561,6,42.3601,-71.0942,101,2100,-61.3157103688145,-11.6364015783291,5.44880926475223
15-Mar-2026 10:22:06,42.3632467655986,-71.0901193874824,6,42.3601,-71.0942,101,2100,-59.9321936795301,-12.557498021783,8.64688912888689
15-Mar-2026 10:22:08,42.3632201177217,-71.0900607831277,6,42.3601,-71.0942,101,2100,-60.7127195198922,-12.1758223015205,10.8188562481066
15-Mar-2026 10:22:10,42.3632504605547,-71.0899400402179,6,42.3601,-71.0942,101,2100,-60.9281555681065,-11.845683278939,9.00959342165669
15-Mar-2026 10:22:12,42.3632332097866,-71.0898445722939,6,42.3601,-71.0942,101,2100,-59.1715886162449,-11.8752522094031,6.36936244229597
15-Mar-2026 10:22:14,42.3632358289527,-71.0897565688813,6,42.3601,-71.0942,101,2100,-58.7377705166561,-13.2144853228215,5.39178947141626
15-Mar-2026 10:22:16,42.3632411443761,-71.0896227791672,6,42.3601,-71.0942,101,2100,-59.6083187080765,-11.3233012461852,5.59112089121509
15-Mar-2026 10:22:18,42.363250774866,-71.0895389206293,6,42.3601,-71.0942,101,2100,-60.6744266850342,-13.1717273138817,6.76707392100311
15-Mar-2026 10:22:20,42.3632306002285,-71.0894669088871,6,42.3601,-71.0942,101,2100,-58.0631638210162,-12.6588108243984,6.60472286508306
15-Mar-2026 10:22:22,42.3632470411503,-71.0893704714673,6,42.3601,-71.0942,101,2100,-58.4760717347742,-13.0788642936406,7.8329245943096
15-Mar-2026 10:22:24,42.3632541169928,-71.0892673456834,6,42.3601,-71.0942,101,2100,-57.8172310523946,-13.2703145758777,6.7254092168954
15-Mar-2026 10:22:26,42.3632393853082,-71.0891496782142,6,42.3601,-71.0942,101,2100,-59.1435464283713,-12.7731943097238,7.34291140693032
15-Mar-2026 10:22:28,42.3632673269137,-71.0890764268146,6,42.3601,-71.0942,101,2100,-59.8771280314237,-12.0568694319677,4.25895241459304
15-Mar-2026 10:22:30,42.3632475686474,-71.0889844966972,6,42.3601,-71.0942,101,2100,-59.8515873967032,-12.167057352847,6.83969136169121
15-Mar-2026 10:22:32,42.3632383750259,-71.0888876169307,6,42.3601,-71.0942,101,2100,-57.6941018586125,-13.2712745259577,5.38851525589722
15-Mar-2026 10:22:34,42.3632435496171,-71.0887756692733,6,42.3601,-71.0942,101,2100,-61.9877195698339,-12.2140421088994,7.68599762746108
15-Mar-2026 10:22:36,42.3560673009479,-71.0990727587488,7,42.3601,-71.0942,101,2100,-55.1049449148064,-12.9634138682306,5.95713104225941
15-Mar-2026 10:22:38,42.3561226963891,-71.0990501275879,7,42.3601,-71.0942,101,2100,-55.1948482818097,-12.4506083221153,3.75891113217361
15-Mar-2026 10:22:40,42.3562124434395,-71.0990631831715,7,42.3601,-71.0942,101,2100,-53.666658407512,-12.7176869463219,4.02456232369996
15-Mar-2026 10:22:42,42.3562761296279,-71.0990663120803,7,42.3601,-71.0942,101,2100,-53.1422255631684,-14.1640441144756,3.69078356719115
15-Mar-2026 10:22:44,42.35630680351,-71.0990915560491,7,42.3601,-71.0942,101,2100,-55.1886901064297,-11.9213345484821,4.14614426095333
15-Mar-2026 10:22:46,42.356406782382,-71.0991018872216,7,42.3601,-71.0942,101,2100,-53.4298038876054,-12.2026650142263,1.31185321381297
15-Mar-2026 10:22:48,42.3564819631416,-71.0990851773051,7,42.3601,-71.0942,101,2100,-54.9970993863833,-12.7582891819046,6.4827397256005
15-Mar-2026 10:22:50,42.356564221841,-71.0990820554498,7,42.3601,-71.0942,101,2100,-56.5687389784853,-12.753816373678,6.81909318200738
15-Mar-2026 10:22:52,42.3565949475491,-71.0990363612239,7,42.3601,-71.0942,101,2100,-55.7041970360043,-11.5576026084734,5.54812273477889
15-Mar-2026 10:22:54,42.3567077595515,-71.0990733818368,7,42.3601,-71.0942,101,2100,-57.783326450361,-12.6336172598301,5.26542853532798
15-Mar-2026 10:22:56,42.3567735890789,-71.0990752177201,7,42.3601,-71.0942,101,2100,-59.184266503078,-13.3845601413078,2.94599124059791
15-Mar-2026 10:22:58,42.356854750222,-71.0990459558343,7,42.3601,-71.0942,101,2100,-56.3775137053717,-13.1099131886384,6.3129663568107
15-Mar-2026 10:23:00,42.3569137136999,-71.0990567297117,7,42.3601,-71.0942,101,2100,-58.9296889098494,-13.1017941050932,9.29165835799339
15-Mar-2026 10:23:02,42.3569808336288,-71.0990969347646,7,42.3601,-71.0942,101,2100,-59.0025882119843,-11.7385696050872,6.23423416821611
15-Mar-2026 10:23:04,42.3570522224389,-71.0990793596008,7,42.3601,-71.0942,101,2100,-63.3369749738317,-12.2475254449844,7.25708771797102
15-Mar-2026 10:23:06,42.3571397985667,-71.0990560444506,7,42.3601,-71.0942,101,2100,-62.4079700938798,-11.9455627443829,2.06511169468828
15-Mar-2026 10:23:08,42.3571984813307,-71.0990710774344,7,42.3601,-71.0942,101,2100,-61.5308012317187,-13.050313827709,9.33708009132607
15-Mar-2026 10:23:10,42.357291319198,-71.0990790007092,7,42.3601,-71.0942,101,2100,-61.0413748548325,-12.0365607095327,6.66304841061485
15-Mar-2026 10:23:12,42.3573460873356,-71.0990797703736,7,42.3601,-71.0942,101,2100,-64.2194262162293,-11.5912121316896,8.31555025543093
15-Mar-2026 10:23:14,42.3574042669487,-71.0990671589081,7,42.3601,-71.0942,101,2100,-69.1023830407158,-12.8920333974641,7.24359027138094
15-Mar-2026 10:23:16,42.3574891922673,-71.0990621202817,7,42.3601,-71.0942,101,2100,-70.5315295997759,-13.4917000232191,5.19508587880904
15-Mar-2026 10:23:18,42.3575590866575,-71.0990618753691,7,42.3601,-71.0942,101,2100,-68.1283171509776,-13.2799819757404,10.3332493740089
15-Mar-2026 10:23:20,42.3576244629247,-71.099069979283,7,42.3601,-71.0942,101,2100,-67.0050412100517,-13.0380642340926,8.45863774515916
15-Mar-2026 10:23:22,42.3577218508422,-71.0990544595428,7,42.3601,-71.0942,101,2100,-66.675159921007,-11.9539554966254,7.40313120577912
15-Mar-2026 10:23:24,42.3577833547132,-71.0990780253838,7,42.3601,-71.0942,101,2100,-67.7476731428647,-11.8202283334886,4.24994439014388
15-Mar-2026 10:23:26,42.3578631231058,-71.0990581203338,7,42.3601,-71.0942,101,2100,-69.2320578515006,-11.7747893031434,10.4345838576887
15-Mar-2026 10:23:28,42.3579262083412,-71.0990462521742,7,42.3601,-71.0942,101,2100,-68.1737643878904,-10.6061174526834,7.79283792831074
15-Mar-2026 10:23:30,42.3580194082054,-71.0990997217596,7,42.3601,-71.0942,101,2100,-70.14492565349,-13.0413200570574,10.5430985747648
15-Mar-2026 10:23:32,42.3580719366711,-71.0990891665376,7,42.3601,-71.0942,101,2100,-70.9810830573249,-11.0653499412092,9.50283720119201
15-Mar-2026 10:23:34,42.3581413425264,-71.0990584747792,7,42.3601,-71.0942,101,2100,-70.8504819642407,-10.5558282581512,10.4070670088928
15-Mar-2026 10:23:36,42.3582216229779,-71.0990580393025,7,42.3601,-71.0942,101,2100,-74.6865301527243,-10.8999708543937,6.31116293902545
15-Mar-2026 10:23:38,42.3583145357057,-71.0990592200258,7,42.3601,-71.0942,101,2100,-72.4248622318474,-11.5605438041206,13.4794173898016
15-Mar-2026 10:23:40,42.3583529329496,-71.0990665536041,7,42.3601,-71.0942,101,2100,-68.5514487309829,-11.7480152741213,3.22000999803297
15-Mar-2026 10:23:42,42.3584318631252,-71.0990614095668,7,42.3601,-71.0942,101,2100,-70.6931779237926,-12.3977229755187,9.53119488820463
15-Mar-2026 10:23:44,42.3584939067977,-71.0990780408393,7,42.3601,-71.0942,101,2100,-71.5658211045406,-13.140274888973,4.89274399014784
15-Mar-2026 10:23:46,42.3585780936829,-71.0990321686922,7,42.3601,-71.0942,101,2100,-69.3101911948056,-11.4955505183898,8.80525539176588
15-Mar-2026 10:23:48,42.3586310691903,-71.0990753936612,7,42.3601,-71.0942,101,2100,-69.6384220407235,-11.4457893374823,8.7800309017129
15-Mar-2026 10:23:50,42.3587261133699,-71.0990410656615,7,42.3601,-71.0942,101,2100,-65.7712567762615,-11.0362229871068,6.29772007387553
15-Mar-2026 10:23:52,42.3587922842547,-71.0990788667479,7,42.3601,-71.0942,101,2100,-66.5681313939417,-12.2925390671557,8.2891124596482
15-Mar-2026 10:23:54,42.358837399087,-71.0990713190131,7,42.3601,-71.0942,101,2100,-68.0168313526633,-11.9721981489492,5.21471696495533
15-Mar-2026 10:23:56,42.3589113034219,-71.0990516078666,7,42.3601,-71.0942,101,2100,-67.1786822031403,-11.9953162711362,9.10997498045357
15-Mar-2026 10:23:58,42.3590030031187,-71.0990582619345,7,42.3601,-71.0942,101,2100,-63.8739592034755,-12.0257504795948,8.59397060829976
15-Mar-2026 10:24:00,42.3590875820247,-71.0990950638866,7,42.3601,-71.0942,101,2100,-62.015746670922,-11.0237972605593,7.60575703009431
15-Mar-2026 10:24:02,42.3591390918249,-71.0990407042,7,42.3601,-71.0942,101,2100,-61.7025750339174,-10.8141621846389,11.1692297310878
15-Mar-2026 10:24:04,42.3592119178103,-71.0990402089264,7,42.3601,-71.0942,101,2100,-61.573402147859,-12.1170642958384,11.3084183718933
15-Mar-2026 10:24:06,42.3592824830351,-71.0990764851142,7,42.3601,-71.0942,101,2100,-60.7896534381656,-10.8700003073501,9.36462529521279
15-Mar-2026 10:24:08,42.3593362744917,-71.0990790873414,7,42.3601,-71.0942,101,2100,-57.3488566044825,-12.1503000444731,11.1885489467408
15-Mar-2026 10:24:10,42.3594191646767,-71.099084149361,7,42.3601,-71.0942,101,2100,-59.6666238721259,-11.6932542666446,11.690113666988
15-Mar-2026 10:24:12,42.35947784295,-71.0990570152166,7,42.3601,-71.0942,101,2100,-59.5573342113472,-12.4466007936806,12.6514008011545
15-Mar-2026 10:24:14,42.3595924465725,-71.0990498122207,7,42.3601,-71.0942,101,2100,-56.4921864244858,-10.735747195232,6.29664861816913
15-Mar-2026 10:24:16,42.3596432588612,-71.0990892230466,7,42.3601,-71.0942,101,2100,-57.4447016737792,-11.3609684093992,12.2690682987575
15-Mar-2026 10:24:18,42.3597387906096,-71.0990872702965,7,42.3601,-71.0942,101,2100,-57.1980483751573,-10.7683243790102,13.9635666381026
15-Mar-2026 10:24:20,42.3597949704551,-71.09909442278,7,42.3601,-71.0942,101,2100,-54.2577869021472,-9.68104004330844,9.30059925308052
15-Mar-2026 10:24:22,42.3598756767142,-71.09907925494,7,42.3601,-71.0942,101,2100,-53.7716315752776,-10.5939247432837,6.86827925344685
15-Mar-2026 10:24:24,42.359936868978,-71.0990266025844,7,42.3601,-71.0942,101,2100,-52.4981573712626,-11.559127985779,8.69951652762938
15-Mar-2026 10:24:26,42.3600217521346,-71.0990650638424,7,42.3601,-71.0942,101,2100,-54.518638847283,-9.86002907820085,10.4505287388316
15-Mar-2026 10:24:28,42.3600944795261,-71.0990762435522,7,42.3601,-71.0942,101,2100,-52.6437598117387,-12.1836218777474,11.9672487227998
15-Mar-2026 10:24:30,42.3601582339973,-71.0990587716753,7,42.3601,-71.0942,101,2100,-53.177630791321,-10.5858759601841,7.80275200740742
15-Mar-2026 10:24:32,42.3602167911536,-71.0990605664693,7,42.3601,-71.0942,101,2100,-55.4945431660852,-10.1460081940873,9.04683958269226
15-Mar-2026 10:24:34,42.3603067072425,-71.0990634378216,7,42.3601,-71.0942,101,2100,-51.1173206548813,-11.6661932777347,7.69213365456703
15-Mar-2026 10:24:36,42.3603716602894,-71.0990583779949,7,42.3601,-71.0942,101,2100,-51.0674770733703,-12.05409367044,11.3024449343938
15-Mar-2026 10:24:38,42.3604334045048,-71.0990875185215,7,42.3601,-71.0942,101,2100,-55.7260296300613,-12.1881009659537,9.24837120817127
15-Mar-2026 10:24:40,42.3605153279129,-71.0990785092976,7,42.3601,-71.0942,101,2100,-55.3659388039621,-12.4511703464133,11.0791811789396
15-Mar-2026 10:24:42,42.3605733064098,-71.0990778506861,7,42.3601,-71.0942,101,2100,-59.4687009149614,-11.6222872632434,11.4767541982432
15-Mar-2026 10:24:44,42.3606825215741,-71.0990878699581,7,42.3601,-71.0942,101,2100,-58.0991116323465,-12.3792553730392,8.39954781371158
15-Mar-2026 10:24:46,42.3607298713106,-71.0990603908699,7,42.3601,-71.0942,101,2100,-57.879174649314,-11.6363289045231,8.99086373017303
15-Mar-2026 10:24:48,42.3607889710218,-71.0990435112457,7,42.3601,-71.0942,101,2100,-57.8267553860901,-11.1209584219277,12.8212874406953
15-Mar-2026 10:24:50,42.3608746333792,-71.0990803177257,7,42.3601,-71.0942,101,2100,-59.3382962824821,-10.4065760327559,12.9077327424341
15-Mar-2026 10:24:52,42.360928553178,-71.0990520843497,7,42.3601,-71.0942,101,2100,-61.8644720033734,-11.833741454367,10.3610949413552
15-Mar-2026 10:24:54,42.361029091441,-71.0990543891049,7,42.3601,-71.0942,101,2100,-62.1004176898331,-10.3524395063453,10.1615161342748
15-Mar-2026 10:24:56,42.3610742837956,-71.0990609070456,7,42.3601,-71.0942,101,2100,-63.1682982898292,-12.3247366781098,6.94448908888299
15-Mar-2026 10:24:58,42.3611803136357,-71.0990965417553,7,42.3601,-71.0942,101,2100,-61.6359619599431,-11.956960249684,9.19806629050274
15-Mar-2026 10:25:00,42.3612512053162,-71.0990850363859,7,42.3601,-71.0942,101,2100,-64.9034346064767,-11.2766754613939,8.15882452752228
15-Mar-2026 10:25:02,42.3612929239141,-71.0990211449417,7,42.3601,-71.0942,101,2100,-61.0963041050392,-11.6801867685025,11.6463523217213
15-Mar-2026 10:25:04,42.3613922252092,-71.0990897920979,7,42.3601,-71.0942,101,2100,-66.0710292297502,-10.3627387399637,7.80587606946236
15-Mar-2026 10:25:06,42.3614562824114,-71.0990807700508,7,42.3601,-71.0942,101,2100,-68.513467831602,-10.7258590439892,5.57218139431145
15-Mar-2026 10:25:08,42.3615351326014,-71.0990258323754,7,42.3601,-71.0942,101,2100,-68.738880927931,-12.4193771099063,6.90415607380693
15-Mar-2026 10:25:10,42.3615986485714,-71.0990840668726,7,42.3601,-71.0942,101,2100,-68.5808501151237,-10.6680213349472,9.30363614688151
15-Mar-2026 10:25:12,42.3616514205288,-71.0991002987903,7,42.3601,-71.0942,101,2100,-68.7356793835318,-9.82711421853261,11.1770641859878
15-Mar-2026 10:25:14,42.3617351758027,-71.0990644561894,7,42.3601,-71.0942,101,2100,-71.6815129791238,-11.5280068485153,11.2029928055697
15-Mar-2026 10:25:16,42.3617713678391,-71.099020715001,7,42.3601,-71.0942,101,2100,-74.3944154292723,-11.349743286275,6.87912703792251
15-Mar-2026 10:25:18,42.3618696307215,-71.099061374409,7,42.3601,-71.0942,101,2100,-71.3405534186576,-10.9195759386183,7.12809519041346
15-Mar-2026 10:25:20,42.3619539072482,-71.0990453153692,7,42.3601,-71.0942,101,2100,-68.7386059389637,-9.53449699139419,13.2977463491141
15-Mar-2026 10:25:22,42.3620252183319,-71.0990652378026,7,42.3601,-71.0942,101,2100,-70.3990873294362,-12.0551047734153,10.0090300022076
15-Mar-2026 10:25:24,42.3621017830763,-71.09905881503,7,42.3601,-71.0942,101,2100,-71.0705797777072,-12.2256867056975,6.33805132832575
15-Mar-2026 10:25:26,42.3621821702142,-71.0990775123854,7,42.3601,-71.0942,101,2100,-70.8733995499952,-10.4253491443998,9.19334727400047
15-Mar-2026 10:25:28,42.3622235702182,-71.0990828777431,7,42.3601,-71.0942,101,2100,-73.2885895015045,-13.5047448794792,9.08996751975442
15-Mar-2026 10:25:30,42.3623100818908,-71.0990653961038,7,42.3601,-71.0942,101,2100,-74.5413240824675,-12.1193490230669,5.83196871287624
15-Mar-2026 10:25:32,42.3623753181813,-71.0990532980811,7,42.3601,-71.0942,101,2100,-68.8774854829511,-11.3781196317329,8.81647310055864
15-Mar-2026 10:25:34,42.3624301762288,-71.0990875808993,7,42.3601,-71.0942,101,2100,-72.855403283458,-11.7363972018085,5.66428073972879
15-Mar-2026 10:25:36,42.3625216846297,-71.0990463558359,7,42.3601,-71.0942,101,2100,-71.052361014334,-12.1067450665934,7.69515232308882
15-Mar-2026 10:25:38,42.3626168607874,-71.0990478542154,7,42.3601,-71.0942,101,2100,-70.3455602301049,-12.4503787539409,10.5090900828103
15-Mar-2026 10:25:40,42.3626907835509,-71.099058454755,7,42.3601,-71.0942,101,2100,-66.0287940626642,-12.6166600579739,6.93541098675494
15-Mar-2026 10:25:42,42.3627601171026,-71.0990788737822,7,42.3601,-71.0942,101,2100,-68.6370641687644,-14.1189069867865,5.27158811794459
15-Mar-2026 10:25:44,42.3628279936794,-71.099076277974,7,42.3601,-71.0942,101,2100,-67.0489329211467,-12.9334906489315,5.01273605951361
15-Mar-2026 10:25:46,42.3629087895242,-71.0991160844387,7,42.3601,-71.0942,101,2100,-64.5025289136515,-12.933400593853,7.63075216302855
15-Mar-2026 10:25:48,42.3629467266421,-71.0990784234911,7,42.3601,-71.0942,101,2100,-64.6471606062875,-12.7306258631124,4.31596543180506
15-Mar-2026 10:25:50,42.3630485364648,-71.0990833749305,7,42.3601,-71.0942,101,2100,-60.7199939363736,-13.3221469235911,3.7963613640949
15-Mar-2026 10:25:52,42.3630947033899,-71.0990674647554,7,42.3601,-71.0942,101,2100,-60.3329633123153,-12.341023537667,7.57853676591796
15-Mar-2026 10:25:54,42.3631610995579,-71.0991046343609,7,42.3601,-71.0942,101,2100,-61.3298558732346,-12.6223490994556,5.15824402296133
15-Mar-2026 10:25:56,42.3632376850963,-71.0990939879049,7,42.3601,-71.0942,101,2100,-61.5301240703247,-11.5207904597468,3.92853899455147
15-Mar-2026 10:25:58,42.3632999223946,-71.0990906400948,7,42.3601,-71.0942,101,2100,-59.861946592924,-11.9748785313063,4.03646089227418
15-Mar-2026 10:26:00,42.3633855611574,-71.0990639572806,7,42.3601,-71.0942,101,2100,-57.6132674721852,-12.1920842609437,7.18314560249565
15-Mar-2026 10:26:02,42.3634815718519,-71.0990920754962,7,42.3601,-71.0942,101,2100,-57.7404752620834,-13.1620532757321,7.95843157872331
15-Mar-2026 10:26:04,42.3635359590903,-71.0990775608139,7,42.3601,-71.0942,101,2100,-57.191679216494,-11.5814676492531,4.88474441183103
15-Mar-2026 10:26:06,42.3636191185038,-71.0990802850543,7,42.3601,-71.0942,101,2100,-58.4188334655826,-12.2649985698713,6.39191834449563
15-Mar-2026 10:26:08,42.3636811702995,-71.0990738235947,7,42.3601,-71.0942,101,2100,-56.8551265035761,-12.2140434651555,3.37313185640367
15-Mar-2026 10:26:10,42.363742342035,-71.0990543383156,7,42.3601,-71.0942,101,2100,-56.1925899183255,-13.0266815035351,2.46699929928352
15-Mar-2026 10:26:12,42.3638170285811,-71.0990637350519,7,42.3601,-71.0942,101,2100,-57.2838323609924,-11.9824717746255,5.71626143048733
15-Mar-2026 10:26:14,42.3638944246435,-71.0990506712258,7,42.3601,-71.0942,101,2100,-56.2766763669421,-13.2980819664946,4.47864531959565
15-Mar-2026 10:26:16,42.3639538764105,-71.0990770943603,7,42.3601,-71.0942,101,2100,-56.1824277077087,-12.8380435176036,3.60252114039292
15-Mar-2026 10:26:18,42.3640512181982,-71.0990868659784,7,42.3601,-71.0942,101,2100,-54.7438171068055,-12.4652337645715,7.361470424919
15-Mar-2026 10:26:20,42.3641116269873,-71.0990693227019,7,42.3601,-71.0942,101,2100,-52.9189172063523,-13.54745682667,3.6355984878518
15-Mar-2026 10:26:22,42.356042941282,-71.0972395790967,8,42.3601,-71.0942,101,2100,-57.7699471236439,-13.2424853590197,6.11367036689759
15-Mar-2026 10:26:24,42.3561228698741,-71.0972685175871,8,42.3601,-71.0942,101,2100,-58.7019546083016,-11.784524713224,3.05336537551569
15-Mar-2026 10:26:26,42.3561941825611,-71.0972238232195,8,42.3601,-71.0942,101,2100,-59.8004906960742,-12.5349508040814,9.66784813136949
15-Mar-2026 10:26:28,42.3562804545131,-71.0972376289174,8,42.3601,-71.0942,101,2100,-60.3019071138457,-12.5420153772001,11.3585847014161
15-Mar-2026 10:26:30,42.3563647766344,-71.0972770108056,8,42.3601,-71.0942,101,2100,-60.7047533118834,-11.0790981791864,4.96269039163825
15-Mar-2026 10:26:32,42.3564082076993,-71.097243779669,8,42.3601,-71.0942,101,2100,-61.7558929164443,-11.8370586686095,7.16201431642962
15-Mar-2026 10:26:34,42.356480019716,-71.0971966397597,8,42.3601,-71.0942,101,2100,-63.4877835382572,-12.1896814439788,11.2047062943017
15-Mar-2026 10:26:36,42.3565754303226,-71.0972622257557,8,42.3601,-71.0942,101,2100,-59.4796114788275,-11.1928324373092,12.09754414447
15-Mar-2026 10:26:38,42.3566080393596,-71.0972534643901,8,42.3601,-71.0942,101,2100,-63.710937342578,-10.7258121749963,5.75545230772528
15-Mar-2026 10:26:40,42.3566927647749,-71.0972454636314,8,42.3601,-71.0942,101,2100,-60.5103070131984,-12.504077036172,9.73464020646692
15-Mar-2026 10:26:42,42.3567340792515,-71.0972237816453,8,42.3601,-71.0942,101,2100,-63.8458928268985,-13.4096856343788,12.9463875685248
15-Mar-2026 10:26:44,42.356836880086,-71.0972736943577,8,42.3601,-71.0942,101,2100,-64.7182495561028,-11.7401660378928,9.5070872272302
15-Mar-2026 10:26:46,42.3569215566378,-71.0972307202206,8,42.3601,-71.0942,101,2100,-64.9801245300421,-11.6917687339392,8.26505827078184
15-Mar-2026 10:26:48,42.356995885258,-71.0972322484255,8,42.3601,-71.0942,101,2100,-64.5675764588724,-11.9796938435257,8.35750556082596
15-Mar-2026 10:26:50,42.3570466769694,-71.0972558152624,8,42.3601,-71.0942,101,2100,-62.9301025821162,-10.4459755562115,8.48738779440411
15-Mar-2026 10:26:52,42.3571494385684,-71.097245372259,8,42.3601,-71.0942,101,2100,-65.7311925957705,-11.1680141584812,10.072228681902
15-Mar-2026 10:26:54,42.3571901556057,-71.0972466889954,8,42.3601,-71.0942,101,2100,-62.4989977374519,-12.486103087074,7.13807597508019
15-Mar-2026 10:26:56,42.3572810512514,-71.0972443508736,8,42.3601,-71.0942,101,2100,-64.464661213301,-9.59167970866529,13.6974075778475
15-Mar-2026 10:26:58,42.3573514265787,-71.0972342141747,8,42.3601,-71.0942,101,2100,-62.8625053812468,-11.9165161294691,10.6356938862118
15-Mar-2026 10:27:00,42.3574056561851,-71.0972375332608,8,42.3601,-71.0942,101,2100,-63.5610330790247,-10.6477626004782,8.97391923920495
15-Mar-2026 10:27:02,42.3574976768782,-71.0972474308336,8,42.3601,-71.0942,101,2100,-62.825369574511,-11.8502018405578,9.04892945566395
15-Mar-2026 10:27:04,42.3575567356592,-71.0972182099913,8,42.3601,-71.0942,101,2100,-60.8392651508942,-11.312617789352,10.8040111698039
15-Mar-2026 10:27:06,42.3576342889712,-71.0972370434874,8,42.3601,-71.0942,101,2100,-61.747035686453,-9.37615852778683,11.2062660217295
15-Mar-2026 10:27:08,42.3576897028043,-71.097230123803,8,42.3601,-71.0942,101,2100,-61.5692322668201,-10.3372116863696,10.5633171442849
15-Mar-2026 10:27:10,42.357774909054,-71.097252071199,8,42.3601,-71.0942,101,2100,-59.8897985359609,-10.7700294973195,10.8003667605244
15-Mar-2026 10:27:12,42.3578540034546,-71.097232143026,8,42.3601,-71.0942,101,2100,-57.6023851211227,-9.8914076377375,14.8980791198847
15-Mar-2026 10:27:14,42.3579184122925,-71.0972468046924,8,42.3601,-71.0942,101,2100,-57.5225917272922,-10.4885099124268,10.4957638046683
15-Mar-2026 10:27:16,42.3580143640681,-71.0972006604296,8,42.3601,-71.0942,101,2100,-57.5666234733338,-11.5575225671399,14.2633321596293
15-Mar-2026 10:27:18,42.3580729884065,-71.0972261327147,8,42.3601,-71.0942,101,2100,-58.7461847980039,-11.1391694486065,11.3242597985985
15-Mar-2026 10:27:20,42.358133739897,-71.09722834843,8,42.3601,-71.0942,101,2100,-54.6920565725442,-9.37647791598211,11.8627383538418
15-Mar-2026 10:27:22,42.3582335208041,-71.0972509669503,8,42.3601,-71.0942,101,2100,-57.8402180888626,-12.2140425765563,11.037794876544
15-Mar-2026 10:27:24,42.3583135072187,-71.0972401964873,8,42.3601,-71.0942,101,2100,-53.8484239904383,-10.3450677363152,13.303981284344
15-Mar-2026 10:27:26,42.3583406183158,-71.0972539192407,8,42.3601,-71.0942,101,2100,-55.65668967207,-9.44357499515176,12.7520901502561
15-Mar-2026 10:27:28,42.3584309250327,-71.0972645514055,8,42.3601,-71.0942,101,2100,-54.015678379989,-11.2977988438432,14.7101169649914
15-Mar-2026 10:27:30,42.3584950324144,-71.0972489281155,8,42.3601,-71.0942,101,2100,-51.3177757945796,-10.8684374482488,10.7188028423994
15-Mar-2026 10:27:32,42.3585622347165,-71.0972332753746,8,42.3601,-71.0942,101,2100,-54.1881439983572,-11.034780081828,13.8923338136023
15-Mar-2026 10:27:34,42.3586310775667,-71.0972498010276,8,42.3601,-71.0942,101,2100,-52.7743083087215,-9.06788922973604,9.14238809450842
15-Mar-2026 10:27:36,42.3587200073003,-71.0972502922333,8,42.3601,-71.0942,101,2100,-52.6509095578894,-9.59552766753941,11.5515616282224
15-Mar-2026 10:27:38,42.3587936894178,-71.0972337403616,8,42.3601,-71.0942,101,2100,-51.2478185049371,-10.0112986854669,13.0681693297693
15-Mar-2026 10:27:40,42.3588596211361,-71.0972499166493,8,42.3601,-71.0942,101,2100,-50.8965357572363,-12.1911635454359,12.1790657104257
15-Mar-2026 10:27:42,42.3589057670854,-71.0972200258784,8,42.3601,-71.0942,101,2100,-52.4352632357415,-10.1339186412609,14.1144513056095
15-Mar-2026 10:27:44,42.359007662524,-71.0972616323763,8,42.3601,-71.0942,101,2100,-49.561967159504,-10.3834559998923,14.5784427368427
15-Mar-2026 10:27:46,42.35906699913,-71.0972697372802,8,42.3601,-71.0942,101,2100,-50.2284595205133,-9.92030079654522,12.6758484455014
15-Mar-2026 10:27:48,42.3591461413332,-71.0972257724507,8,42.3601,-71.0942,101,2100,-49.8457427497965,-10.9323381168675,15.1252982712098
15-Mar-2026 10:27:50,42.3592385451276,-71.097233501232,8,42.3601,-71.0942,101,2100,-49.0649705321786,-10.1700168997799,15.4480965751052
15-Mar-2026 10:27:52,42.3592978164135,-71.097258341828,8,42.3601,-71.0942,101,2100,-49.8646397727218,-9.95337531183494,12.8644720126282
15-Mar-2026 10:27:54,42.3593608308561,-71.0972208974858,8,42.3601,-71.0942,101,2100,-48.1912390578035,-10.2482722181762,14.7534421052374
15-Mar-2026 10:27:56,42.3594322673836,-71.097230434653,8,42.3601,-71.0942,101,2100,-48.4832985887606,-10.2651897529697,14.4796478862512
15-Mar-2026 10:27:58,42.3595177002295,-71.0972491170488,8,42.3601,-71.0942,101,2100,-47.2715905355076,-9.94137366354812,16.7995835264847
15-Mar-2026 10:28:00,42.3595849406019,-71.0972344936701,8,42.3601,-71.0942,101,2100,-47.8139294067385,-9.84626561609105,13.6356133702336
15-Mar-2026 10:28:02,42.3596399357569,-71.0972342828374,8,42.3601,-71.0942,101,2100,-49.5428560571952,-10.4895164592079,12.1077852942533
15-Mar-2026 10:28:04,42.3597217596304,-71.0972481938521,8,42.3601,-71.0942,101,2100,-46.4515447488675,-9.37651524732912,14.4050677197777
15-Mar-2026 10:28:06,42.3597806087058,-71.0972540145243,8,42.3601,-71.0942,101,2100,-46.9469729112221,-10.272918711584,13.2744415506522
15-Mar-2026 10:28:08,42.3598705537017,-71.0972283200997,8,42.3601,-71.0942,101,2100,-46.2889379305834,-10.0585163625901,10.4368225437323
15-Mar-2026 10:28:10,42.3599437192642,-71.0972238062631,8,42.3601,-71.0942,101,2100,-51.668873375194,-9.55084784174291,15.2658585926701
15-Mar-2026 10:28:12,42.3600141252367,-71.0972405958026,8,42.3601,-71.0942,101,2100,-47.2074831685266,-10.839077707293,13.3847077616528
15-Mar-2026 10:28:14,42.3600599358501,-71.0972032793614,8,42.3601,-71.0942,101,2100,-51.9243768341545,-9.89222115632071,14.4647397575648
15-Mar-2026 10:28:16,42.3601517718818,-71.0972417078475,8,42.3601,-71.0942,101,2100,-46.9312794734568,-9.50925670384997,18.7987512391976
15-Mar-2026 10:28:18,42.3602317326837,-71.0972376812842,8,42.3601,-71.0942,101,2100,-47.2107491426304,-10.5460755236276,15.7724871270839
15-Mar-2026 10:28:20,42.3603146942051,-71.0972318722693,8,42.3601,-71.0942,101,2100,-49.1652725508697,-9.89671696937307,11.8745272606644
15-Mar-2026 10:28:22,42.3603799786675,-71.0972169798545,8,42.3601,-71.0942,101,2100,-51.4387537094087,-8.44201595849671,17.432832938625
15-Mar-2026 10:28:24,42.3604403425889,-71.0972349066222,8,42.3601,-71.0942,101,2100,-46.9227730602194,-9.92943788610516,15.2630464024067
15-Mar-2026 10:28:26,42.3605146603367,-71.0972227239795,8,42.3601,-71.0942,101,2100,-50.6380267153961,-11.2773851565659,14.0987531727384
15-Mar-2026 10:28:28,42.3605885458336,-71.0972466425751,8,42.3601,-71.0942,101,2100,-48.4250011039035,-10.0972650238723,10.0809866387113
15-Mar-2026 10:28:30,42.3606661316917,-71.0972518872675,8,42.3601,-71.0942,101,2100,-50.3975065341069,-9.71800854752515,12.1289143754008
15-Mar-2026 10:28:32,42.3607093742273,-71.0972403798405,8,42.3601,-71.0942,101,2100,-47.7818323798991,-10.9667929286298,16.6933740590822
15-Mar-2026 10:28:34,42.3608071197314,-71.0972297547209,8,42.3601,-71.0942,101,2100,-51.1521532865319,-8.85747596143397,10.1705235260731
15-Mar-2026 10:28:36,42.3608829237145,-71.0972174273913,8,42.3601,-71.0942,101,2100,-49.1739387442064,-9.13849526094111,16.3933096029905
15-Mar-2026 10:28:38,42.3609395851035,-71.0972388784654,8,42.3601,-71.0942,101,2100,-50.4160690211927,-10.447860129259,12.5599388566592
15-Mar-2026 10:28:40,42.3610179172158,-71.0972163649986,8,42.3601,-71.0942,101,2100,-50.0330621290739,-9.68254224408086,13.2051611525356
15-Mar-2026 10:28:42,42.361117026779,-71.0972383475076,8,42.3601,-71.0942,101,2100,-49.876563141877,-9.85670345642894,10.8801907381993
15-Mar-2026 10:28:44,42.3611779005082,-71.0972256225124,8,42.3601,-71.0942,101,2100,-52.4317929205532,-10.0729988376556,15.3046704484195
15-Mar-2026 10:28:46,42.3612446430478,-71.0972561152825,8,42.3601,-71.0942,101,2100,-50.1986671176602,-9.70730630293877,14.0398788242522
15-Mar-2026 10:28:48,42.3612871194511,-71.097265582892,8,42.3601,-71.0942,101,2100,-50.9015247508097,-10.9867302388841,16.4944324768117
15-Mar-2026 10:28:50,42.3613728626905,-71.097253566997,8,42.3601,-71.0942,101,2100,-50.3581104537284,-9.2894231248471,12.3525644608624
15-Mar-2026 10:28:52,42.36142454709,-71.0972591789053,8,42.3601,-71.0942,101,2100,-51.5069383428971,-11.2011985251276,14.6899707402205
15-Mar-2026 10:28:54,42.3615028037051,-71.0972445968595,8,42.3601,-71.0942,101,2100,-51.5171916420736,-10.1580868256402,15.134362155574
15-Mar-2026 10:28:56,42.3615935169978,-71.0972395298911,8,42.3601,-71.0942,101,2100,-50.5517149517163,-9.72305139901719,10.828716550134
15-Mar-2026 10:28:58,42.3616649387791,-71.0972285233591,8,42.3601,-71.0942,101,2100,-50.5778848249584,-10.3276452126105,8.20339402006097
15-Mar-2026 10:29:00,42.3617250630869,-71.0972509670832,8,42.3601,-71.0942,101,2100,-53.5690745299784,-9.60832898924009,10.4391426188469
15-Mar-2026 10:29:02,42.3618072256916,-71.097259381569,8,42.3601,-71.0942,101,2100,-52.2397256667714,-9.94408454628655,16.9492817486488
15-Mar-2026 10:29:04,42.3619019600096,-71.0972754281342,8,42.3601,-71.0942,101,2100,-57.1340113103809,-10.797585878325,13.902970963566
15-Mar-2026 10:29:06,42.3619644999801,-71.0972724961583,8,42.3601,-71.0942,101,2100,-55.3760049455639,-9.61386604532191,11.503211247389
15-Mar-2026 10:29:08,42.3620336656768,-71.097240579617,8,42.3601,-71.0942,101,2100,-53.996147196522,-9.28260788997471,11.3699305323191
15-Mar-2026 10:29:10,42.3620882037093,-71.0972731622896,8,42.3601,-71.0942,101,2100,-56.9330407606159,-12.5628212766493,13.0825141953288
15-Mar-2026 10:29:12,42.3621780808361,-71.0972303644187,8,42.3601,-71.0942,101,2100,-58.937619140091,-8.98381732482847,11.9853586382862
15-Mar-2026 10:29:14,42.3622263760239,-71.0972163002206,8,42.3601,-71.0942,101,2100,-56.0294386781878,-10.5724079146682,11.1136672600782
15-Mar-2026 10:29:16,42.3623303008621,-71.097289252945,8,42.3601,-71.0942,101,2100,-59.3294918797284,-11.0211165854261,13.4169476020921
15-Mar-2026 10:29:18,42.3623823207159,-71.09723073649,8,42.3601,-71.0942,101,2100,-60.4299415476061,-10.8906943401467,10.5552473015954
15-Mar-2026 10:29:20,42.3624616612921,-71.0972572450693,8,42.3601,-71.0942,101,2100,-59.0493129899441,-10.5957885268914,12.2730910893378
15-Mar-2026 10:29:22,42.3625215384197,-71.0972311380997,8,42.3601,-71.0942,101,2100,-62.9225462432372,-10.7519677886047,8.70575645922934
15-Mar-2026 10:29:24,42.3626147853115,-71.0972187705269,8,42.3601,-71.0942,101,2100,-59.5679325474884,-10.5590818612358,7.72530547439979
15-Mar-2026 10:29:26,42.3626780912926,-71.0972308530455,8,42.3601,-71.0942,101,2100,-64.8785260042882,-11.2374808053273,12.8921473701836
15-Mar-2026 10:29:28,42.3627437571494,-71.0972103935837,8,42.3601,-71.0942,101,2100,-63.8013352620672,-10.9627977356483,10.1969027336506
15-Mar-2026 10:29:30,42.3628096797744,-71.0972839067807,8,42.3601,-71.0942,101,2100,-64.347565458369,-12.1477344037344,9.76310934235372
15-Mar-2026 10:29:32,42.3629102821938,-71.0972329830777,8,42.3601,-71.0942,101,2100,-62.7685406757456,-11.7015489600803,11.3078463477632
15-Mar-2026 10:29:34,42.3629471596234,-71.0972305127853,8,42.3601,-71.0942,101,2100,-65.5265592399342,-11.4295193674276,9.34587442582602
15-Mar-2026 10:29:36,42.3630220303974,-71.0972614744814,8,42.3601,-71.0942,101,2100,-63.2102085021908,-11.2672332089791,10.1759391026183
15-Mar-2026 10:29:38,42.3631041882811,-71.0972232481132,8,42.3601,-71.0942,101,2100,-67.2911137762897,-10.7679495357765,9.65406065345657
15-Mar-2026 10:29:40,42.3631769703161,-71.0972472246462,8,42.3601,-71.0942,101,2100,-62.2760719399954,-9.5375431977323,7.31937975955958
15-Mar-2026 10:29:42,42.3632231786581,-71.0973024261264,8,42.3601,-71.0942,101,2100,-65.0886008529108,-13.5967730584899,4.88384848994287
15-Mar-2026 10:29:44,42.36330611439,-71.0972545495618,8,42.3601,-71.0942,101,2100,-65.9576447767342,-11.4510816997271,11.1999631279421
15-Mar-2026 10:29:46,42.3633886991972,-71.0972366292451,8,42.3601,-71.0942,101,2100,-66.3045034581947,-11.2713191378816,7.86006158546913
15-Mar-2026 10:29:48,42.3634693236255,-71.097215845456,8,42.3601,-71.0942,101,2100,-65.9835409698808,-11.1763888812782,12.0379514765486
15-Mar-2026 10:29:50,42.3635386400996,-71.0972408227032,8,42.3601,-71.0942,101,2100,-63.3256608026541,-11.7671532294618,12.1354159884117
15-Mar-2026 10:29:52,42.3635949237188,-71.0972933681435,8,42.3601,-71.0942,101,2100,-60.8875695382229,-11.2163832025282,7.04950782030871
15-Mar-2026 10:29:54,42.3636587658279,-71.097276105972,8,42.3601,-71.0942,101,2100,-62.8010808492717,-11.5965809782007,9.29946708309172
15-Mar-2026 10:29:56,42.3637325106353,-71.0972610111201,8,42.3601,-71.0942,101,2100,-63.0878997070142,-12.2922202733811,4.4484879609215
15-Mar-2026 10:29:58,42.3638280276528,-71.0972471156941,8,42.3601,-71.0942,101,2100,-62.3819595139627,-11.6109263832645,7.19312659309696
15-Mar-2026 10:30:00,42.363921925982,-71.0972258321799,8,42.3601,-71.0942,101,2100,-59.0557918137375,-11.8327386244833,6.72463898546672
15-Mar-2026 10:30:02,42.3639845405544,-71.0972467848011,8,42.3601,-71.0942,101,2100,-59.7813209983894,-12.1199697756843,6.10309231322854
15-Mar-2026 10:30:04,42.3640321326827,-71.0972041489222,8,42.3601,-71.0942,101,2100,-61.8135608927475,-11.622505698212,5.39887455996365
15-Mar-2026 10:30:06,42.3640887115571,-71.0972709342507,8,42.3601,-71.0942,101,2100,-60.4694016902555,-12.2847138788531,6.52796459642665
15-Mar-2026 10:30:08,42.3560448879819,-71.0953879046343,9,42.3601,-71.0942,101,2100,-69.9874021140671,-11.666485938875,6.82912212452923
15-Mar-2026 10:30:10,42.3561234129632,-71.0954019691799,9,42.3601,-71.0942,101,2100,-72.5143101351907,-11.5745396472879,4.77018601265447
15-Mar-2026 10:30:12,42.3561871133872,-71.0954154636768,9,42.3601,-71.0942,101,2100,-74.0703419607037,-12.5522522696183,7.90166574747694
15-Mar-2026 10:30:14,42.3562707099492,-71.0953775309104,9,42.3601,-71.0942,101,2100,-76.2523547452064,-13.1579273136101,10.2614975497795
15-Mar-2026 10:30:16,42.356330584598,-71.0954537638003,9,42.3601,-71.0942,101,2100,-71.9111748181938,-12.075050504853,7.26862024860221
15-Mar-2026 10:30:18,42.35642312858,-71.0954154107333,9,42.3601,-71.0942,101,2100,-71.0412742161974,-11.1684091803484,8.44538242600012
15-Mar-2026 10:30:20,42.3564605534768,-71.095398663372,9,42.3601,-71.0942,101,2100,-69.9293898419565,-11.5391439588389,7.18794196110425
15-Mar-2026 10:30:22,42.3565391186313,-71.0953985320875,9,42.3601,-71.0942,101,2100,-68.0917051282691,-11.2627060920528,8.62897179490755
15-Mar-2026 10:30:24,42.3566193372551,-71.0954122271508,9,42.3601,-71.0942,101,2100,-64.2314256820191,-12.2428536982456,8.41286677221688
15-Mar-2026 10:30:26,42.3566919489517,-71.0953826775309,9,42.3601,-71.0942,101,2100,-63.2007225246176,-11.6391150056871,10.2987090212539
15-Mar-2026 10:30:28,42.3567781632976,-71.0953932641928,9,42.3601,-71.0942,101,2100,-59.024653266178,-10.0125522492869,6.88359683942251
15-Mar-2026 10:30:30,42.3568463713839,-71.0954320289809,9,42.3601,-71.0942,101,2100,-60.089365584592,-9.93252056804815,10.2411296188932
15-Mar-2026 10:30:32,42.3569207918731,-71.095413843292,9,42.3601,-71.0942,101,2100,-59.919612061954,-9.94023224903852,11.413242362439
15-Mar-2026 10:30:34,42.3569922195408,-71.0954177210877,9,42.3601,-71.0942,101,2100,-55.9365738983349,-11.3076419727753,13.0965502144828
15-Mar-2026 10:30:36,42.3570494649306,-71.0954154822006,9,42.3601,-71.0942,101,2100,-54.1616447077511,-9.76373802607538,10.6702341617803
15-Mar-2026 10:30:38,42.3571285018798,-71.0953923027037,9,42.3601,-71.0942,101,2100,-53.0981748591896,-10.6867325518494,12.0461566769311
15-Mar-2026 10:30:40,42.35720556302,-71.0954105391687,9,42.3601,-71.0942,101,2100,-53.0964881262302,-12.5839969365195,10.251514797907
15-Mar-2026 10:30:42,42.3572682142104,-71.0954135877148,9,42.3601,-71.0942,101,2100,-48.2945377064453,-10.9384291050421,13.8269040667028
15-Mar-2026 10:30:44,42.3573406565855,-71.0954033731641,9,42.3601,-71.0942,101,2100,-45.1130288637758,-10.5150544471913,10.3473601136994
15-Mar-2026 10:30:46,42.3574137306961,-71.0954068480824,9,42.3601,-71.0942,101,2100,-47.7693002649408,-9.83267283576156,14.5793542245035
15-Mar-2026 10:30:48,42.3575008553065,-71.0954246245837,9,42.3601,-71.0942,101,2100,-44.1292392386706,-9.65549358109159,10.0878604363003
15-Mar-2026 10:30:50,42.3575451268042,-71.0954057108652,9,42.3601,-71.0942,101,2100,-44.80872532822,-12.3009340744835,10.9124393646031
15-Mar-2026 10:30:52,42.3576353710264,-71.0954026903525,9,42.3601,-71.0942,101,2100,-43.187469207041,-8.48134846503978,15.1164434277709
15-Mar-2026 10:30:54,42.3577103220387,-71.0954122426278,9,42.3601,-71.0942,101,2100,-43.2879775206257,-10.3441827719802,11.7750375795069
15-Mar-2026 10:30:56,42.3577642485029,-71.0954195629719,9,42.3601,-71.0942,101,2100,-42.4791551991262,-11.1387005430069,12.7534931216248
15-Mar-2026 10:30:58,42.3578574352399,-71.0953970177,9,42.3601,-71.0942,101,2100,-38.5433895368786,-10.9940384309018,11.1605153909669
15-Mar-2026 10:31:00,42.3579030809381,-71.0954094112201,9,42.3601,-71.0942,101,2100,-41.2194993553973,-10.1769512902314,11.5331109652548
15-Mar-2026 10:31:02,42.3579863950919,-71.0954265512865,9,42.3601,-71.0942,101,2100,-40.0424075385064,-9.28394822397133,14.40133810535
15-Mar-2026 10:31:04,42.3580869129692,-71.0954044926377,9,42.3601,-71.0942,101,2100,-39.3138280983911,-10.4922051325497,15.0545012972811
15-Mar-2026 10:31:06,42.3581528157442,-71.0954381464693,9,42.3601,-71.0942,101,2100,-39.8732706300575,-10.5319809161765,16.828478357986
15-Mar-2026 10:31:08,42.3582107620258,-71.095405174532,9,42.3601,-71.0942,101,2100,-40.5724215346436,-10.1794928449598,13.6310893663044
15-Mar-2026 10:31:10,42.3582809513057,-71.0954315557094,9,42.3601,-71.0942,101,2100,-39.902064393552,-9.06084675895198,15.3647325113399
15-Mar-2026 10:31:12,42.3583350233317,-71.0953816800684,9,42.3601,-71.0942,101,2100,-41.070625048966,-8.89454425342259,17.2656985501342
15-Mar-2026 10:31:14,42.3584072093725,-71.0954026195434,9,42.3601,-71.0942,101,2100,-44.8246061673477,-10.0664420492126,14.8999547245399
15-Mar-2026 10:31:16,42.3584987456951,-71.0953999294945,9,42.3601,-71.0942,101,2100,-43.7812122666294,-8.97116559829056,16.6908897777925
15-Mar-2026 10:31:18,42.3585761315341,-71.095392213039,9,42.3601,-71.0942,101,2100,-45.3050484662854,-10.7521660223579,13.0203367848941
15-Mar-2026 10:31:20,42.3586468862201,-71.0954214892583,9,42.3601,-71.0942,101,2100,-47.3596082676805,-8.79334609558233,12.2668966339074
15-Mar-2026 10:31:22,42.3587354021864,-71.0954321315558,9,42.3601,-71.0942,101,2100,-45.8875386384038,-10.6630839678031,16.7333798012858
15-Mar-2026 10:31:24,42.3587944083461,-71.0954005787412,9,42.3601,-71.0942,101,2100,-48.9393785824578,-10.1192076997108,14.4886075030835
15-Mar-2026 10:31:26,42.3588706050677,-71.095400080231,9,42.3601,-71.0942,101,2100,-47.2533946433174,-10.0815251832154,17.4569083997389
15-Mar-2026 10:31:28,42.358924597166,-71.0954008061676,9,42.3601,-71.0942,101,2100,-49.4618640321942,-10.2918336144452,13.7858661470872
15-Mar-2026 10:31:30,42.3589928126569,-71.0954191738685,9,42.3601,-71.0942,101,2100,-50.7208280584254,-9.70340605525631,17.3830084654148
15-Mar-2026 10:31:32,42.3590704208437,-71.0954277368666,9,42.3601,-71.0942,101,2100,-51.9929598257545,-8.63433661818363,17.2949955996913
15-Mar-2026 10:31:34,42.3591207758807,-71.0954281709804,9,42.3601,-71.0942,101,2100,-49.9943764357171,-10.3559943644383,21.5648353963724
15-Mar-2026 10:31:36,42.3592100186717,-71.0954013362678,9,42.3601,-71.0942,101,2100,-51.3889780821335,-8.66970475869967,14.6949280547095
15-Mar-2026 10:31:38,42.3593023294398,-71.095402735432,9,42.3601,-71.0942,101,2100,-53.6232595816552,-9.34144277590145,20.8267762940924
15-Mar-2026 10:31:40,42.359372678931,-71.0954322648225,9,42.3601,-71.0942,101,2100,-50.8574619648093,-7.21480286093405,18.0569222990432
15-Mar-2026 10:31:42,42.3594388256777,-71.0954108163961,9,42.3601,-71.0942,101,2100,-51.9247699322543,-10.9979133089042,22.8408610893957
15-Mar-2026 10:31:44,42.3594931406382,-71.0953847111,9,42.3601,-71.0942,101,2100,-52.533100437431,-8.44487040718012,16.4054755281218
15-Mar-2026 10:31:46,42.3595781630095,-71.0954286854276,9,42.3601,-71.0942,101,2100,-51.0240208654503,-10.0609828775041,19.9826992854333
15-Mar-2026 10:31:48,42.3596473617678,-71.0954339378607,9,42.3601,-71.0942,101,2100,-54.8956631413434,-8.47565232592063,16.7143370649732
15-Mar-2026 10:31:50,42.3597454173116,-71.0954099691082,9,42.3601,-71.0942,101,2100,-52.2452345565356,-10.2907008073542,17.0753711481744
15-Mar-2026 10:31:52,42.3597874411091,-71.0954036999418,9,42.3601,-71.0942,101,2100,-53.3984806312059,-8.76707008067443,15.5407507129368
15-Mar-2026 10:31:54,42.3598848347203,-71.0954205008414,9,42.3601,-71.0942,101,2100,-51.6732982820298,-8.09982119439773,18.9368475910521
15-Mar-2026 10:31:56,42.359934337105,-71.0954398991831,9,42.3601,-71.0942,101,2100,-53.1354723671966,-9.42492427669651,15.016317719255
15-Mar-2026 10:31:58,42.3600216406049,-71.0954070239318,9,42.3601,-71.0942,101,2100,-53.7343629132636,-9.70143377722573,19.3732987929787
15-Mar-2026 10:32:00,42.3600814707843,-71.0953973246041,9,42.3601,-71.0942,101,2100,-51.573737801795,-8.62642652379077,16.4717087282531
15-Mar-2026 10:32:02,42.3601526940217,-71.0954193777782,9,42.3601,-71.0942,101,2100,-50.8508985686028,-9.31077691684981,16.1926504461245
15-Mar-2026 10:32:04,42.3602155826778,-71.0954154571154,9,42.3601,-71.0942,101,2100,-51.3263857509816,-9.31551133295356,17.5509150460149
15-Mar-2026 10:32:06,42.3603059844381,-71.0954009419629,9,42.3601,-71.0942,101,2100,-54.0550528751538,-9.58050469462045,17.7717298549811
15-Mar-2026 10:32:08,42.3603826935482,-71.0954318504103,9,42.3601,-71.0942,101,2100,-52.1202898515822,-8.30687712152466,18.1834343401879
15-Mar-2026 10:32:10,42.360434353071,-71.0953833083507,9,42.3601,-71.0942,101,2100,-53.1773597409692,-8.38685385186674,20.7224588349971
15-Mar-2026 10:32:12,42.3605062007101,-71.0953986853826,9,42.3601,-71.0942,101,2100,-51.6679909887665,-8.39705597539993,19.8272158103291
15-Mar-2026 10:32:14,42.3605716559446,-71.0954245970693,9,42.3601,-71.0942,101,2100,-54.360527454734,-8.88430749883636,15.9465026919036
15-Mar-2026 10:32:16,42.3606670320076,-71.0954202083797,9,42.3601,-71.0942,101,2100,-52.9434733854196,-9.41026918130727,21.9935046407388
15-Mar-2026 10:32:18,42.3607447578663,-71.0954231333309,9,42.3601,-71.0942,101,2100,-52.3130805970706,-9.40905591459325,14.3547399726305
15-Mar-2026 10:32:20,42.3607976767306,-71.0954242633156,9,42.3601,-71.0942,101,2100,-54.5285796947536,-7.37147756917913,19.1164028912743
15-Mar-2026 10:32:22,42.36089328919,-71.0954057443717,9,42.3601,-71.0942,101,2100,-51.6476548623738,-8.28654766223215,19.6482165040227
15-Mar-2026 10:32:24,42.3609618114388,-71.0954342204925,9,42.3601,-71.0942,101,2100,-54.1440348250797,-8.21357351012626,16.2663848107795
15-Mar-2026 10:32:26,42.3609977749895,-71.0954432470536,9,42.3601,-71.0942,101,2100,-52.4222999982392,-8.78932651741456,18.2474331422772
15-Mar-2026 10:32:28,42.3610780116066,-71.0953911458617,9,42.3601,-71.0942,101,2100,-53.02567979628,-9.82699153021093,10.2555897001952
15-Mar-2026 10:32:30,42.3611621811548,-71.0953958927446,9,42.3601,-71.0942,101,2100,-51.2947822304078,-10.3174593193791,14.0281937648471
15-Mar-2026 10:32:32,42.361219620002,-71.0954258685426,9,42.3601,-71.0942,101,2100,-49.0988400815651,-9.09415495291719,18.5959289891683
15-Mar-2026 10:32:34,42.3613077481588,-71.0953842193317,9,42.3601,-71.0942,101,2100,-48.3008206844366,-10.0383531298039,15.4212534964393
15-Mar-2026 10:32:36,42.3613864686163,-71.095409573631,9,42.3601,-71.0942,101,2100,-47.3181572051838,-9.75610101621288,15.4253206364716
15-Mar-2026 10:32:38,42.3614565475857,-71.0954058075639,9,42.3601,-71.0942,101,2100,-47.0095101194375,-10.0421813694901,13.6513099342158
15-Mar-2026 10:32:40,42.3615036566886,-71.0954249793904,9,42.3601,-71.0942,101,2100,-46.9524214413396,-10.0652005997936,17.5907166890265
15-Mar-2026 10:32:42,42.3615896686236,-71.0954169631747,9,42.3601,-71.0942,101,2100,-46.1966427521036,-8.55591915313636,14.0735078198233
15-Mar-2026 10:32:44,42.3616438719602,-71.0954247814315,9,42.3601,-71.0942,101,2100,-47.9685745963866,-10.3613934259188,16.1803740870465
15-Mar-2026 10:32:46,42.3617567880469,-71.0954187324662,9,42.3601,-71.0942,101,2100,-44.6237923626324,-9.79684126915684,15.3534324010591
15-Mar-2026 10:32:48,42.3618190032307,-71.0954180438832,9,42.3601,-71.0942,101,2100,-41.2931676291526,-9.00478199680384,16.0261503665154
15-Mar-2026 10:32:50,42.3618768307037,-71.0954082949688,9,42.3601,-71.0942,101,2100,-40.7537425898676,-9.65720835684272,14.269113596874
15-Mar-2026 10:32:52,42.3619627288631,-71.0954304268011,9,42.3601,-71.0942,101,2100,-41.1268898573552,-10.4246700401918,13.1356384503602
15-Mar-2026 10:32:54,42.3620254415575,-71.0954021308745,9,42.3601,-71.0942,101,2100,-38.2577832508592,-11.0871026654161,16.4473270185948
15-Mar-2026 10:32:56,42.36207891785,-71.0953993729997,9,42.3601,-71.0942,101,2100,-40.4698822335209,-10.7395950253674,18.0126191618562
15-Mar-2026 10:32:58,42.3621689774945,-71.0954440918906,9,42.3601,-71.0942,101,2100,-36.1884780016695,-10.1012548081142,15.9122485741708
15-Mar-2026 10:33:00,42.3622300710807,-71.095415923521,9,42.3601,-71.0942,101,2100,-38.6818308654374,-8.83742383934359,13.7094369517884
15-Mar-2026 10:33:02,42.3623243350683,-71.0953688883142,9,42.3601,-71.0942,101,2100,-40.9615924514792,-9.53088545853944,16.0317665125649
15-Mar-2026 10:33:04,42.3623842139094,-71.0954373879242,9,42.3601,-71.0942,101,2100,-41.6511852397713,-9.33171343259167,13.7209127608872
15-Mar-2026 10:33:06,42.3624589705004,-71.0953984593232,9,42.3601,-71.0942,101,2100,-39.1375660793427,-10.0606411354122,13.9416999463441
15-Mar-2026 10:33:08,42.3625189812513,-71.0954412719406,9,42.3601,-71.0942,101,2100,-42.1558122603818,-9.01748234116362,10.3795289135708
15-Mar-2026 10:33:10,42.3626194288724,-71.0954386730309,9,42.3601,-71.0942,101,2100,-38.1630179908272,-10.1838763209829,11.4813980042347
15-Mar-2026 10:33:12,42.3626728124153,-71.0954191270639,9,42.3601,-71.0942,101,2100,-44.4081185986743,-11.0782047698623,15.647216655274
15-Mar-2026 10:33:14,42.3627463377368,-71.0954530133002,9,42.3601,-71.0942,101,2100,-45.7618702080555,-10.9812443193692,9.70471906959384
15-Mar-2026 10:33:16,42.3627879989309,-71.0954223352663,9,42.3601,-71.0942,101,2100,-46.1991934554232,-12.2069939057031,13.6544959302594
15-Mar-2026 10:33:18,42.3629017463431,-71.0954270291412,9,42.3601,-71.0942,101,2100,-47.6819055639204,-9.40817584215527,13.7071215143814
15-Mar-2026 10:33:20,42.3629658081521,-71.0954122925531,9,42.3601,-71.0942,101,2100,-49.6955269247461,-11.7471319520036,8.51513166604424
15-Mar-2026 10:33:22,42.3630463675374,-71.0954225409936,9,42.3601,-71.0942,101,2100,-52.2804339934721,-11.5874215507886,8.9227540871206
15-Mar-2026 10:33:24,42.3631224923867,-71.0954169063955,9,42.3601,-71.0942,101,2100,-56.3339801288095,-11.3315292492944,11.6558564816466
15-Mar-2026 10:33:26,42.3631817796348,-71.0954158142355,9,42.3601,-71.0942,101,2100,-57.8023330466978,-10.3283132241669,11.4715142102192
15-Mar-2026 10:33:28,42.3632442692592,-71.0954227130019,9,42.3601,-71.0942,101,2100,-57.4888792535401,-10.6044260196198,11.9126333267117
15-Mar-2026 10:33:30,42.3633339226324,-71.095408292945,9,42.3601,-71.0942,101,2100,-62.0039931065812,-9.33962651802569,12.4204174390342
15-Mar-2026 10:33:32,42.3634220740352,-71.0953925296858,9,42.3601,-71.0942,101,2100,-60.9573747223631,-11.7154098072667,10.2241408699731
15-Mar-2026 10:33:34,42.3634604768633,-71.0954143364815,9,42.3601,-71.0942,101,2100,-63.0563082162872,-10.6761271408178,9.16125538649962
15-Mar-2026 10:33:36,42.3635612564647,-71.0954200577959,9,42.3601,-71.0942,101,2100,-66.1501485992716,-11.3398387178257,9.4755460778449
15-Mar-2026 10:33:38,42.3636052503774,-71.0954474496238,9,42.3601,-71.0942,101,2100,-68.3931934240339,-10.6840842133696,10.4000933107663
15-Mar-2026 10:33:40,42.3636804792609,-71.0954122382193,9,42.3601,-71.0942,101,2100,-67.62276843011,-11.9223307879044,11.373395203502
15-Mar-2026 10:33:42,42.3637629802174,-71.095454938844,9,42.3601,-71.0942,101,2100,-72.2736108571195,-10.1320092716249,6.18496775860378
15-Mar-2026 10:33:44,42.3638045519697,-71.0953831840814,9,42.3601,-71.0942,101,2100,-68.7853488624961,-12.0579177518684,7.37907458490773
15-Mar-2026 10:33:46,42.3638788652841,-71.0954097182562,9,42.3601,-71.0942,101,2100,-73.841207095553,-12.0208158588701,10.6013934594282
15-Mar-2026 10:33:48,42.3639664970254,-71.0954337344152,9,42.3601,-71.0942,101,2100,-71.6312212045711,-10.9761777121719,6.96306032504735
15-Mar-2026 10:33:50,42.3640377586738,-71.0954187178273,9,42.3601,-71.0942,101,2100,-72.1316608226096,-10.979711677526,5.19859544201965
15-Mar-2026 10:33:52,42.3641241108914,-71.0954320055584,9,42.3601,-71.0942,101,2100,-73.3250247217991,-11.8341357310102,7.79133048031414
15-Mar-2026 10:33:54,42.3560550307224,-71.0935939339454,10,42.3601,-71.0942,101,2100,-57.8042519233421,-10.7903256377851,7.91618948347757
15-Mar-2026 10:33:56,42.356122107859,-71.0935862605003,10,42.3601,-71.0942,101,2100,-58.2240880941853,-12.5477354040537,9.57006405565845
15-Mar-2026 10:33:58,42.3561886326469,-71.0935937526354,10,42.3601,-71.0942,101,2100,-60.3882184275319,-10.8563874587092,7.88688424599076
15-Mar-2026 10:34:00,42.3562879406917,-71.0935569943571,10,42.3601,-71.0942,101,2100,-58.7120334395398,-10.6927569775622,12.4688735183039
15-Mar-2026 10:34:02,42.3563349217233,-71.0935914655472,10,42.3601,-71.0942,101,2100,-58.907007264565,-10.0037614284606,6.5239958260443
15-Mar-2026 10:34:04,42.356381696051,-71.0936139174271,10,42.3601,-71.0942,101,2100,-57.6762177987486,-11.3883875956636,8.35530326706887
15-Mar-2026 10:34:06,42.3564934096973,-71.093590041195,10,42.3601,-71.0942,101,2100,-60.0870976214282,-10.0399471454434,10.6715218069217
15-Mar-2026 10:34:08,42.3565474389216,-71.0936153461538,10,42.3601,-71.0942,101,2100,-59.4139690428576,-11.4119888425603,9.92028389507199
15-Mar-2026 10:34:10,42.3566065650336,-71.0936074505072,10,42.3601,-71.0942,101,2100,-58.5028801637639,-10.9954381285247,7.24643726349687
15-Mar-2026 10:34:12,42.3567200841206,-71.0935938083743,10,42.3601,-71.0942,101,2100,-60.0238251809215,-11.814153473199,6.81696245223969
15-Mar-2026 10:34:14,42.3567738759703,-71.0935791227606,10,42.3601,-71.0942,101,2100,-57.6398318843514,-10.7223707557247,13.2618726256464
15-Mar-2026 10:34:16,42.3568471292617,-71.0935900812122,10,42.3601,-71.0942,101,2100,-60.1695317035357,-10.7910254317308,11.3526835243258
15-Mar-2026 10:34:18,42.3569058274296,-71.0936107738111,10,42.3601,-71.0942,101,2100,-55.7222910270816,-10.9150219576446,10.8377636630332
15-Mar-2026 10:34:20,42.3569894213937,-71.0936048759854,10,42.3601,-71.0942,101,2100,-57.442729535522,-10.200327754964,11.3917559291865
15-Mar-2026 10:34:22,42.3570497700691,-71.0935661245799,10,42.3601,-71.0942,101,2100,-58.2819913177434,-12.1377248101171,13.3697587667319
15-Mar-2026 10:34:24,42.3571459057245,-71.0935684018719,10,42.3601,-71.0942,101,2100,-58.3707310987624,-10.6736157660819,14.6369848520403
15-Mar-2026 10:34:26,42.3572024522298,-71.0935928298165,10,42.3601,-71.0942,101,2100,-58.0667291439203,-10.0554516488154,15.6868804308
15-Mar-2026 10:34:28,42.3572761913164,-71.0935483128166,10,42.3601,-71.0942,101,2100,-55.9348451541641,-9.37424642139971,9.70724335420251
15-Mar-2026 10:34:30,42.3573571775967,-71.0936085585968,10,42.3601,-71.0942,101,2100,-54.195913419772,-10.1701983400458,12.968667058767
15-Mar-2026 10:34:32,42.3574210654765,-71.0935955495519,10,42.3601,-71.0942,101,2100,-55.9905818676269,-11.1880998540907,13.1812446680821
15-Mar-2026 10:34:34,42.3574767660472,-71.0935800536692,10,42.3601,-71.0942,101,2100,-54.7627020153958,-10.2985346091922,10.2540459912286
15-Mar-2026 10:34:36,42.3575670780299,-71.0935791873996,10,42.3601,-71.0942,101,2100,-55.5288300290274,-10.6748603317002,16.5297554563856
15-Mar-2026 10:34:38,42.3576424918526,-71.0935807346179,10,42.3601,-71.0942,101,2100,-54.7843401437669,-10.4713633929371,9.98975321321019
15-Mar-2026 10:34:40,42.3577162026466,-71.0935887161337,10,42.3601,-71.0942,101,2100,-56.4908411199494,-11.2808385158075,14.8011406602756
15-Mar-2026 10:34:42,42.3577763354623,-71.0935898346934,10,42.3601,-71.0942,101,2100,-57.8878272375997,-11.4691694632455,11.8947580741337
15-Mar-2026 10:34:44,42.3578687173686,-71.0936063228399,10,42.3601,-71.0942,101,2100,-55.2657029936962,-10.3607480057785,13.3400762231051
15-Mar-2026 10:34:46,42.3579246233082,-71.0935771219652,10,42.3601,-71.0942,101,2100,-57.642577828233,-10.7493876533024,15.7675428321317
15-Mar-2026 10:34:48,42.3579833106209,-71.0935666935535,10,42.3601,-71.0942,101,2100,-56.4330929115967,-9.91919078881471,15.4812145986949
15-Mar-2026 10:34:50,42.3580833720548,-71.0935903556934,10,42.3601,-71.0942,101,2100,-55.6709331447464,-9.84065994264253,11.9074759457267
15-Mar-2026 10:34:52,42.3581370567391,-71.0936044299752,10,42.3601,-71.0942,101,2100,-54.7944460754486,-9.68906637891574,12.2656218016902
15-Mar-2026 10:34:54,42.3581980892178,-71.0935956249783,10,42.3601,-71.0942,101,2100,-54.4891913914387,-10.1186082419286,16.4906339134577
15-Mar-2026 10:34:56,42.3582848051375,-71.0935803846441,10,42.3601,-71.0942,101,2100,-56.2653616083484,-10.9781755672108,13.7415406623719
15-Mar-2026 10:34:58,42.3583872189212,-71.093594044482,10,42.3601,-71.0942,101,2100,-56.3066164564385,-10.1545993205342,18.5761561334635
15-Mar-2026 10:35:00,42.3583990971424,-71.0935729820076,10,42.3601,-71.0942,101,2100,-55.7595995772201,-11.3079312757044,13.5288467144004
15-Mar-2026 10:35:02,42.3585003514745,-71.093569451267,10,42.3601,-71.0942,101,2100,-54.0811193095498,-10.4058681959819,18.257353668631
15-Mar-2026 10:35:04,42.3585685003839,-71.0935853765856,10,42.3601,-71.0942,101,2100,-55.4125463549533,-7.14375873240731,13.9603699156636
15-Mar-2026 10:35:06,42.3586445463738,-71.0935807609117,10,42.3601,-71.0942,101,2100,-53.0725882559092,-9.98831633956168,16.252048613997
15-Mar-2026 10:35:08,42.3586830743678,-71.0935941450937,10,42.3601,-71.0942,101,2100,-58.2939734421911,-8.28806275810642,16.5563734139232
15-Mar-2026 10:35:10,42.3588006089082,-71.0935865494724,10,42.3601,-71.0942,101,2100,-53.21020450013,-9.59469400282109,16.0972343585648
15-Mar-2026 10:35:12,42.3588577170545,-71.0935762035295,10,42.3601,-71.0942,101,2100,-52.3342367393294,-8.23939586932059,16.3368898913339
15-Mar-2026 10:35:14,42.3589454863186,-71.0935547279255,10,42.3601,-71.0942,101,2100,-48.6284085745086,-9.89748843323864,21.364159476259
15-Mar-2026 10:35:16,42.359010561708,-71.0936135016901,10,42.3601,-71.0942,101,2100,-49.4851321375884,-7.880205888456,15.9309188497205
15-Mar-2026 10:35:18,42.3590672707238,-71.0935728722946,10,42.3601,-71.0942,101,2100,-47.9686357360329,-9.2395480376936,13.4612860681957
15-Mar-2026 10:35:20,42.3591287661758,-71.0935885812555,10,42.3601,-71.0942,101,2100,-45.4118575112651,-8.26237586645221,20.0883156466544
15-Mar-2026 10:35:22,42.3592165342184,-71.0935773147213,10,42.3601,-71.0942,101,2100,-40.4655179355672,-6.51756470338809,17.7705085370036
15-Mar-2026 10:35:24,42.3592867717531,-71.0936001157695,10,42.3601,-71.0942,101,2100,-41.826831071935,-9.22578713322835,17.2590902790762
15-Mar-2026 10:35:26,42.3593678109992,-71.0935749924595,10,42.3601,-71.0942,101,2100,-40.5073535734424,-9.93337462586658,18.0668053383616
15-Mar-2026 10:35:28,42.3594589018724,-71.0935881843749,10,42.3601,-71.0942,101,2100,-40.5215389746579,-7.85563569854528,16.735403469911
15-Mar-2026 10:35:30,42.3595186880444,-71.093568649773,10,42.3601,-71.0942,101,2100,-35.0680458548809,-8.68139346216536,17.6279953105932
15-Mar-2026 10:35:32,42.3595871740199,-71.093598541441,10,42.3601,-71.0942,101,2100,-35.8201238888634,-9.3368214325188,20.2314786041503
15-Mar-2026 10:35:34,42.3596309291353,-71.0935820563711,10,42.3601,-71.0942,101,2100,-31.3578496035822,-9.75294846452416,17.9873953274158
15-Mar-2026 10:35:36,42.3597431394542,-71.0935825340307,10,42.3601,-71.0942,101,2100,-29.0699339114903,-9.80242781495183,21.5776831915116
15-Mar-2026 10:35:38,42.3597848252158,-71.0935496433268,10,42.3601,-71.0942,101,2100,-27.7081290837978,-9.1577599674977,23.5421767299301
15-Mar-2026 10:35:40,42.3598676122204,-71.0935817388469,10,42.3601,-71.0942,101,2100,-25.7597052314869,-8.47904222212061,21.0149760021894
15-Mar-2026 10:35:42,42.3599230305773,-71.0935823414952,10,42.3601,-71.0942,101,2100,-24.8507463238149,-8.37492267026539,23.0653291444406
15-Mar-2026 10:35:44,42.3600043191127,-71.0936064364813,10,42.3601,-71.0942,101,2100,-26.4832971046118,-7.8462317598887,18.6424710227532
15-Mar-2026 10:35:46,42.3600868992727,-71.0936136547299,10,42.3601,-71.0942,101,2100,-25.4913782278693,-9.40085645659958,23.4153424646771
15-Mar-2026 10:35:48,42.3601422503199,-71.0935812536837,10,42.3601,-71.0942,101,2100,-21.5857325540605,-9.38577002314972,18.5938701783467
15-Mar-2026 10:35:50,42.3602129191702,-71.0935998131229,10,42.3601,-71.0942,101,2100,-23.8592965308887,-9.00964603329453,20.2907521705687
15-Mar-2026 10:35:52,42.3602834057096,-71.0935836191508,10,42.3601,-71.0942,101,2100,-28.2089242658929,-8.29842384134685,17.2114266542372
15-Mar-2026 10:35:54,42.3603814717855,-71.0936294641181,10,42.3601,-71.0942,101,2100,-26.730341908564,-8.99140184840417,21.849756390969
15-Mar-2026 10:35:56,42.3604308637755,-71.0935995418728,10,42.3601,-71.0942,101,2100,-27.412049122689,-8.33972432077813,21.2750392665749
15-Mar-2026 10:35:58,42.3605257749108,-71.0936045652305,10,42.3601,-71.0942,101,2100,-31.5123262658707,-8.12836937461833,18.688663627409
15-Mar-2026 10:36:00,42.3605857375164,-71.0935901107699,10,42.3601,-71.0942,101,2100,-32.1088179840061,-9.15664109025223,19.5732718636459
15-Mar-2026 10:36:02,42.3606595498985,-71.0935879348699,10,42.3601,-71.0942,101,2100,-34.6040264834973,-9.7638662302919,21.8317239374341
15-Mar-2026 10:36:04,42.3607229541335,-71.093597120519,10,42.3601,-71.0942,101,2100,-36.4109794496615,-8.01390266219155,16.2323765437327
15-Mar-2026 10:36:06,42.3608085471231,-71.0935756306688,10,42.3601,-71.0942,101,2100,-37.3768920956892,-8.57851185315725,22.5007331479842
15-Mar-2026 10:36:08,42.3608906196332,-71.0935770633213,10,42.3601,-71.0942,101,2100,-39.9185966366505,-8.52500017108807,18.2669336980526
15-Mar-2026 10:36:10,42.3609471707212,-71.0935313866495,10,42.3601,-71.0942,101,2100,-43.8859444359492,-8.5160177517882,15.6542164287391
15-Mar-2026 10:36:12,42.3610004252355,-71.0935974094796,10,42.3601,-71.0942,101,2100,-43.3280057871805,-8.91706845341286,19.7837750625776
15-Mar-2026 10:36:14,42.3611126922363,-71.0935784030494,10,42.3601,-71.0942,101,2100,-48.6102939565364,-9.61062913483796,18.0881968086056
15-Mar-2026 10:36:16,42.3611882419416,-71.0935766728613,10,42.3601,-71.0942,101,2100,-50.3884282832118,-9.13101930534643,17.7565866622044
15-Mar-2026 10:36:18,42.3612259481214,-71.0935872890615,10,42.3601,-71.0942,101,2100,-48.9287844138517,-9.51740699749661,18.1381476425219
15-Mar-2026 10:36:20,42.3613165031745,-71.093561538261,10,42.3601,-71.0942,101,2100,-49.9467156838754,-8.69498631344274,18.0008907256998
15-Mar-2026 10:36:22,42.3613943866729,-71.0935943749237,10,42.3601,-71.0942,101,2100,-51.1712216296068,-7.02480520596475,15.7368928549244
15-Mar-2026 10:36:24,42.3614563655258,-71.0935724696678,10,42.3601,-71.0942,101,2100,-51.5377816527938,-9.48293187583951,15.2370201358146
15-Mar-2026 10:36:26,42.3615341288977,-71.0935792269316,10,42.3601,-71.0942,101,2100,-54.1393232505203,-10.0842200986179,16.8063576358993
15-Mar-2026 10:36:28,42.3615889980819,-71.0935678927759,10,42.3601,-71.0942,101,2100,-55.8721117298484,-9.32326521947751,16.2662729793095
15-Mar-2026 10:36:30,42.361642249657,-71.0935907454391,10,42.3601,-71.0942,101,2100,-58.463135338745,-9.83265733065052,18.0815903344246
15-Mar-2026 10:36:32,42.3617555579642,-71.0935825341861,10,42.3601,-71.0942,101,2100,-56.0541670972253,-8.24996504995764,14.3908054389712
15-Mar-2026 10:36:34,42.3618292106402,-71.0936188793175,10,42.3601,-71.0942,101,2100,-55.1114762078165,-8.05104594986921,15.7331444932647
15-Mar-2026 10:36:36,42.3618856320488,-71.0935982033713,10,42.3601,-71.0942,101,2100,-56.1806402985784,-11.3852539891581,17.0226470645212
15-Mar-2026 10:36:38,42.3619575203707,-71.093591922393,10,42.3601,-71.0942,101,2100,-55.3182135737775,-10.0304461198791,15.0590182964902
15-Mar-2026 10:36:40,42.3620297856536,-71.0935803999631,10,42.3601,-71.0942,101,2100,-54.2341581508263,-10.7473192161495,11.3434420265429
15-Mar-2026 10:36:42,42.3620795701108,-71.09358870105,10,42.3601,-71.0942,101,2100,-56.7214209826573,-10.3102002948552,17.8808195432088
15-Mar-2026 10:36:44,42.3621922085969,-71.0935783858294,10,42.3601,-71.0942,101,2100,-58.0946717986403,-9.89986117445667,17.9302216364309
15-Mar-2026 10:36:46,42.3622178957338,-71.0936016255033,10,42.3601,-71.0942,101,2100,-57.662377736873,-10.0728595079801,14.766720169172
15-Mar-2026 10:36:48,42.3623253305646,-71.093596948946,10,42.3601,-71.0942,101,2100,-55.5539724551693,-10.5556274442406,11.9563769682783
15-Mar-2026 10:36:50,42.3623688924884,-71.0936021869032,10,42.3601,-71.0942,101,2100,-55.8458959579859,-9.13489412829722,15.0337081974412
15-Mar-2026 10:36:52,42.3624546500414,-71.0936322989592,10,42.3601,-71.0942,101,2100,-53.9289074585997,-9.98854445361731,15.2158587888757
15-Mar-2026 10:36:54,42.3625401930362,-71.0935872062047,10,42.3601,-71.0942,101,2100,-53.6409973158184,-9.34843281947949,13.0663419980191
15-Mar-2026 10:36:56,42.3625977265072,-71.0935960617669,10,42.3601,-71.0942,101,2100,-56.5003570800883,-10.2070178056028,13.2365065406979
15-Mar-2026 10:36:58,42.3626637441288,-71.0935825212541,10,42.3601,-71.0942,101,2100,-58.6224510176773,-11.1208716799465,12.5936211297574
15-Mar-2026 10:37:00,42.3627426590151,-71.093593865108,10,42.3601,-71.0942,101,2100,-55.4731284803581,-10.5156695697197,11.037270035473
15-Mar-2026 10:37:02,42.3628244550288,-71.0935753125234,10,42.3601,-71.0942,101,2100,-56.0725327029048,-11.222858681564,12.019404970802
15-Mar-2026 10:37:04,42.3628834885941,-71.0935770782736,10,42.3601,-71.0942,101,2100,-57.0359638753391,-10.3029144174463,13.9066911411599
15-Mar-2026 10:37:06,42.362941930817,-71.0935649690241,10,42.3601,-71.0942,101,2100,-55.6053983815147,-12.1165869196907,10.2490132644101
15-Mar-2026 10:37:08,42.3630470398665,-71.0935724224959,10,42.3601,-71.0942,101,2100,-59.5678042360489,-10.9864693898931,9.61477349560396
15-Mar-2026 10:37:10,42.3630882162981,-71.0935708054128,10,42.3601,-71.0942,101,2100,-57.1433697546777,-11.0420303845365,7.87727753991504
15-Mar-2026 10:37:12,42.3631874001588,-71.0935878848664,10,42.3601,-71.0942,101,2100,-59.4120444670171,-9.31471212947987,15.2206810050079
15-Mar-2026 10:37:14,42.3632427693906,-71.0935787684489,10,42.3601,-71.0942,101,2100,-59.0820668678286,-10.7188272147787,10.6880216600487
15-Mar-2026 10:37:16,42.3633252453015,-71.0936114405179,10,42.3601,-71.0942,101,2100,-59.5488700434998,-11.1591101702173,12.6437977766054
15-Mar-2026 10:37:18,42.3633775014913,-71.0935686403676,10,42.3601,-71.0942,101,2100,-61.031888410111,-12.1694709788496,10.7937926469501
15-Mar-2026 10:37:20,42.3634608839625,-71.093570451767,10,42.3601,-71.0942,101,2100,-56.8521187258395,-10.0783075983203,11.4095954432407
15-Mar-2026 10:37:22,42.3635449977317,-71.0935739145769,10,42.3601,-71.0942,101,2100,-57.0676601040176,-10.6932395033267,13.796901993788
15-Mar-2026 10:37:24,42.3636330691126,-71.0935749766323,10,42.3601,-71.0942,101,2100,-60.7859881814789,-10.1970591377324,8.15905327941686
15-Mar-2026 10:37:26,42.3636769828325,-71.0936063157793,10,42.3601,-71.0942,101,2100,-61.2082673214739,-11.4862600126901,7.74697326169587
15-Mar-2026 10:37:28,42.3637694439515,-71.093598318584,10,42.3601,-71.0942,101,2100,-60.1899042212034,-11.2280597873263,8.32248611374277
15-Mar-2026 10:37:30,42.3638306159091,-71.0935844558895,10,42.3601,-71.0942,101,2100,-56.5491082186397,-11.2778470172438,6.44741611916669
15-Mar-2026 10:37:32,42.3638709361971,-71.0936042815054,10,42.3601,-71.0942,101,2100,-58.0774541980103,-11.0121140455219,8.7158234029488
15-Mar-2026 10:37:34,42.3639772040517,-71.0935902232954,10,42.3601,-71.0942,101,2100,-59.1450201930582,-12.9592016206772,9.17581310992908
15-Mar-2026 10:37:36,42.3640350642459,-71.0935629746153,10,42.3601,-71.0942,101,2100,-57.7106176412147,-11.0833049699261,11.0134037187573
15-Mar-2026 10:37:38,42.3641064637214,-71.0935810212221,10,42.3601,-71.0942,101,2100,-60.1581456348708,-12.3999313664642,5.99563458378694
15-Mar-2026 10:37:40,42.3560550612203,-71.0917463525514,11,42.3601,-71.0942,101,2100,-56.8711018485024,-11.6311307779863,0.786041397927329
15-Mar-2026 10:37:42,42.35611263828,-71.0917238125209,11,42.3601,-71.0942,101,2100,-59.2017385735783,-11.6982159058424,6.00348313519607
15-Mar-2026 10:37:44,42.356187499153,-71.0917766599488,11,42.3601,-71.0942,101,2100,-58.0654660180941,-12.5262334774717,9.95355145378829
15-Mar-2026 10:37:46,42.3562652253374,-71.0917564946162,11,42.3601,-71.0942,101,2100,-58.9737090064058,-10.9501816379951,9.97625124616832
15-Mar-2026 10:37:48,42.356358530937,-71.0917486299142,11,42.3601,-71.0942,101,2100,-61.7335798591401,-12.1637467271809,7.31689389775885
15-Mar-2026 10:37:50,42.3564214824662,-71.0917561820637,11,42.3601,-71.0942,101,2100,-61.0014121539867,-12.5609559307143,8.76176765985387
15-Mar-2026 10:37:52,42.3564891900567,-71.091738855929,11,42.3601,-71.0942,101,2100,-61.6454777423271,-11.538588113358,8.472219986073
15-Mar-2026 10:37:54,42.3565425709837,-71.0917642025666,11,42.3601,-71.0942,101,2100,-62.92786278091,-11.2795445799241,7.42416001638452
15-Mar-2026 10:37:56,42.3566184285829,-71.0917688686606,11,42.3601,-71.0942,101,2100,-63.2929385972296,-11.5538417456474,10.7199179876386
15-Mar-2026 10:37:58,42.3567044548578,-71.0917766300893,11,42.3601,-71.0942,101,2100,-59.9896974169047,-11.4838376393875,6.85425047791912
15-Mar-2026 10:38:00,42.3567770991686,-71.0917767817215,11,42.3601,-71.0942,101,2100,-63.1183877371859,-11.8491165750497,9.19160925258847
15-Mar-2026 10:38:02,42.3568345460531,-71.0917700598189,11,42.3601,-71.0942,101,2100,-62.9873196007155,-12.6831177072007,8.2503893766491
15-Mar-2026 10:38:04,42.3569024794106,-71.091736613893,11,42.3601,-71.0942,101,2100,-61.1728717264699,-9.27158699312849,7.42747183930812
15-Mar-2026 10:38:06,42.356972363978,-71.0917844581869,11,42.3601,-71.0942,101,2100,-62.4982706869717,-11.8959433379145,11.2868513231151
15-Mar-2026 10:38:08,42.3570554073652,-71.0917666981795,11,42.3601,-71.0942,101,2100,-63.709759902789,-11.0926689806484,9.34922534269538
15-Mar-2026 10:38:10,42.3571196244339,-71.0917933626626,11,42.3601,-71.0942,101,2100,-60.1830322749181,-12.369284002472,12.6939451997971
15-Mar-2026 10:38:12,42.3572041547681,-71.0917572049531,11,42.3601,-71.0942,101,2100,-63.9022982187658,-11.445575126207,12.4792351635995
15-Mar-2026 10:38:14,42.3572921256528,-71.0917610721753,11,42.3601,-71.0942,101,2100,-61.8756992884626,-12.9386427312877,13.1694816234381
15-Mar-2026 10:38:16,42.357359337611,-71.0917871212194,11,42.3601,-71.0942,101,2100,-61.0062350122079,-10.0483025403472,10.0637081291294
15-Mar-2026 10:38:18,42.3574409285181,-71.0917588065062,11,42.3601,-71.0942,101,2100,-58.560578358421,-11.6630203510247,12.8005011520898
15-Mar-2026 10:38:20,42.3574758239404,-71.0917544854991,11,42.3601,-71.0942,101,2100,-58.8165541158849,-10.5529965067881,9.28686361417532
15-Mar-2026 10:38:22,42.3575533985123,-71.0917837625117,11,42.3601,-71.0942,101,2100,-61.64123578315,-8.79583675809406,11.847490144702
15-Mar-2026 10:38:24,42.3576297673969,-71.0917715687681,11,42.3601,-71.0942,101,2100,-58.0932537660179,-10.3980192222172,13.1806578526951
15-Mar-2026 10:38:26,42.3577200293837,-71.0917173237985,11,42.3601,-71.0942,101,2100,-56.6410329661131,-12.0374998673695,9.01004771683701
15-Mar-2026 10:38:28,42.3577538333691,-71.0917870610761,11,42.3601,-71.0942,101,2100,-60.1026101208574,-11.191557987292,13.0780205740225
15-Mar-2026 10:38:30,42.3578772591953,-71.0917535988997,11,42.3601,-71.0942,101,2100,-58.3090581240149,-9.61877117156539,15.6389861443808
15-Mar-2026 10:38:32,42.3579346496519,-71.0917888514557,11,42.3601,-71.0942,101,2100,-58.1645971302778,-9.61046385462314,13.6141197891221
15-Mar-2026 10:38:34,42.3579880528091,-71.0917352384032,11,42.3601,-71.0942,101,2100,-56.7448843958695,-10.2319314699082,10.8828980117215
15-Mar-2026 10:38:36,42.3580639123314,-71.0917538140721,11,42.3601,-71.0942,101,2100,-56.4078180686753,-10.4342526936014,14.1452437660058
15-Mar-2026 10:38:38,42.358159502163,-71.0917751908074,11,42.3601,-71.0942,101,2100,-55.1798236633306,-10.6414078916081,16.9144741642318
15-Mar-2026 10:38:40,42.3582224556834,-71.0917539328093,11,42.3601,-71.0942,101,2100,-56.4297595251689,-10.5018852977042,17.0138505794691
15-Mar-2026 10:38:42,42.3582961524267,-71.0917756222895,11,42.3601,-71.0942,101,2100,-54.336605481795,-9.89924645327623,13.5354723661742
15-Mar-2026 10:38:44,42.3583605710978,-71.0917621469402,11,42.3601,-71.0942,101,2100,-55.3538820255206,-10.6601235226791,15.3369470796193
15-Mar-2026 10:38:46,42.3584337398828,-71.0917685944289,11,42.3601,-71.0942,101,2100,-53.4358655264342,-9.03831935791185,14.74237189225
15-Mar-2026 10:38:48,42.3584987076185,-71.0917351517989,11,42.3601,-71.0942,101,2100,-53.4339898353084,-10.10372357047,11.458794036323
15-Mar-2026 10:38:50,42.3585746477371,-71.091758523363,11,42.3601,-71.0942,101,2100,-52.8757672980881,-10.605221084418,14.7034827873484
15-Mar-2026 10:38:52,42.3586213764955,-71.0917590531282,11,42.3601,-71.0942,101,2100,-49.0409181382434,-10.1705650426193,12.5912179292064
15-Mar-2026 10:38:54,42.358707986771,-71.0917809981406,11,42.3601,-71.0942,101,2100,-52.9517350686443,-8.82008601927127,14.6101252406246
15-Mar-2026 10:38:56,42.3587902701267,-71.0917819273479,11,42.3601,-71.0942,101,2100,-51.9304270362059,-9.84508323529272,16.5748188641531
15-Mar-2026 10:38:58,42.3588745922908,-71.0917994968288,11,42.3601,-71.0942,101,2100,-51.6573655467188,-9.83098971307152,16.4761591660763
15-Mar-2026 10:39:00,42.3589121711908,-71.0917695301825,11,42.3601,-71.0942,101,2100,-50.527283451893,-10.6508740557375,11.7535104168062
15-Mar-2026 10:39:02,42.3590023475854,-71.0917740693496,11,42.3601,-71.0942,101,2100,-47.2156070667366,-10.2228063390691,15.4612769468038
15-Mar-2026 10:39:04,42.3590851439704,-71.0917562137988,11,42.3601,-71.0942,101,2100,-49.3401946050865,-10.6914946231669,14.610805135763
15-Mar-2026 10:39:06,42.3591538788261,-71.0917315033063,11,42.3601,-71.0942,101,2100,-48.6876824942685,-9.43833168691614,13.5234279188184
15-Mar-2026 10:39:08,42.3592111276592,-71.0917669471471,11,42.3601,-71.0942,101,2100,-47.022333620798,-10.0545841951874,16.1886700392262
15-Mar-2026 10:39:10,42.3592974654037,-71.0917838306552,11,42.3601,-71.0942,101,2100,-50.1089632981369,-10.1902059348851,16.286397764684
15-Mar-2026 10:39:12,42.3593460038683,-71.0917697852954,11,42.3601,-71.0942,101,2100,-47.8735581056323,-9.29067188935922,16.5500191625197
15-Mar-2026 10:39:14,42.3594454848959,-71.0917857763608,11,42.3601,-71.0942,101,2100,-48.1769693849333,-10.0352770549663,15.5438687003251
15-Mar-2026 10:39:16,42.3594992135636,-71.0917336690347,11,42.3601,-71.0942,101,2100,-48.7734349508356,-8.76258343484348,18.7047203574798
15-Mar-2026 10:39:18,42.3595772033597,-71.0917300788333,11,42.3601,-71.0942,101,2100,-48.2530226827094,-9.23626172841704,14.9540612492166
15-Mar-2026 10:39:20,42.3596556715078,-71.0917607591039,11,42.3601,-71.0942,101,2100,-47.9662318427611,-10.3289928237024,17.4648748465967
15-Mar-2026 10:39:22,42.3597159089597,-71.0917495726948,11,42.3601,-71.0942,101,2100,-46.6506259106436,-9.16572245581802,16.2591192169237
15-Mar-2026 10:39:24,42.3598044310485,-71.0917809770613,11,42.3601,-71.0942,101,2100,-47.0141864814914,-8.58263790929462,17.9753280834653
15-Mar-2026 10:39:26,42.3598713373824,-71.0917755161986,11,42.3601,-71.0942,101,2100,-46.5299814210124,-10.6480650217948,15.5090729646746
15-Mar-2026 10:39:28,42.3599211903989,-71.0917713630022,11,42.3601,-71.0942,101,2100,-44.3118488296985,-9.60081509427022,16.4687575488894
15-Mar-2026 10:39:30,42.3600244453245,-71.0917898835042,11,42.3601,-71.0942,101,2100,-45.2553601530991,-10.7401520910048,16.6276455455655
15-Mar-2026 10:39:32,42.3600750929417,-71.0917446519639,11,42.3601,-71.0942,101,2100,-48.9387250156094,-10.0117298328321,17.3936564586894
15-Mar-2026 10:39:34,42.3601475260602,-71.0917633210386,11,42.3601,-71.0942,101,2100,-46.7233865051126,-9.97503101049606,18.265555371566
15-Mar-2026 10:39:36,42.3602171395844,-71.0917771456218,11,42.3601,-71.0942,101,2100,-44.6868326146775,-9.87410593272029,17.4657123922427
15-Mar-2026 10:39:38,42.3603071680643,-71.0917633920798,11,42.3601,-71.0942,101,2100,-47.0091411668965,-9.8627615842737,15.54290218759
15-Mar-2026 10:39:40,42.3603552320068,-71.0917738815852,11,42.3601,-71.0942,101,2100,-46.5381868097011,-10.1690957651947,18.1131700306141
15-Mar-2026 10:39:42,42.360420039824,-71.0917675602478,11,42.3601,-71.0942,101,2100,-48.3818198311673,-9.81139622152181,16.016765848854
15-Mar-2026 10:39:44,42.3605325581908,-71.0917726990285,11,42.3601,-71.0942,101,2100,-45.8026119130045,-10.1219670541151,14.3124429679492
15-Mar-2026 10:39:46,42.360607018903,-71.0917881332694,11,42.3601,-71.0942,101,2100,-48.7117658873267,-9.59775986788599,16.4527454801041
15-Mar-2026 10:39:48,42.3606761265826,-71.0917562440644,11,42.3601,-71.0942,101,2100,-46.5677399627249,-9.4559917375885,16.3719438606804
15-Mar-2026 10:39:50,42.3607236706678,-71.091813106715,11,42.3601,-71.0942,101,2100,-47.5477448974514,-8.91882817582551,15.9643515552928
15-Mar-2026 10:39:52,42.3607836952621,-71.0917828729807,11,42.3601,-71.0942,101,2100,-47.3110463221755,-9.77703686809335,15.2846274652131
15-Mar-2026 10:39:54,42.3608717518042,-71.0917554422882,11,42.3601,-71.0942,101,2100,-50.242418567947,-9.36997823787539,14.2358223923736
15-Mar-2026 10:39:56,42.3609453423834,-71.091784841286,11,42.3601,-71.0942,101,2100,-47.1265068554333,-9.4261681865123,13.3085626716621
15-Mar-2026 10:39:58,42.3610242552342,-71.0917677953435,11,42.3601,-71.0942,101,2100,-47.244272707384,-8.48346361484223,15.109504871457
15-Mar-2026 10:40:00,42.3611023942918,-71.0917447623884,11,42.3601,-71.0942,101,2100,-49.6416547522447,-9.17557858842954,15.2642005336714
15-Mar-2026 10:40:02,42.3611701230666,-71.0917747650368,11,42.3601,-71.0942,101,2100,-52.5301998868413,-8.99208725264826,14.7335716303745
15-Mar-2026 10:40:04,42.3612380346811,-71.0917538707114,11,42.3601,-71.0942,101,2100,-48.9762180773443,-9.08492621626623,15.0355273297239
15-Mar-2026 10:40:06,42.3613103721147,-71.0917745465415,11,42.3601,-71.0942,101,2100,-51.3434739076894,-10.9019308593961,15.335892733709
15-Mar-2026 10:40:08,42.3613800204426,-71.0917696244128,11,42.3601,-71.0942,101,2100,-50.3616131930221,-8.81402919907371,14.8573834591093
15-Mar-2026 10:40:10,42.3614478823188,-71.0917631597017,11,42.3601,-71.0942,101,2100,-51.549012180119,-10.5446638982314,12.7058340941672
15-Mar-2026 10:40:12,42.3615215430866,-71.0917860910782,11,42.3601,-71.0942,101,2100,-50.4355110639351,-10.3502130857243,16.4005070964124
15-Mar-2026 10:40:14,42.3615695973275,-71.0917787812242,11,42.3601,-71.0942,101,2100,-53.1319484107192,-11.2905609992939,16.076043947751
15-Mar-2026 10:40:16,42.361678169569,-71.0917185431454,11,42.3601,-71.0942,101,2100,-53.5838704857752,-9.62293831666863,14.9870657156379
15-Mar-2026 10:40:18,42.3617322210734,-71.0917467802754,11,42.3601,-71.0942,101,2100,-56.0358714440221,-10.2682376181735,17.7567267362359
15-Mar-2026 10:40:20,42.3618117810369,-71.0917444536073,11,42.3601,-71.0942,101,2100,-54.4121341778029,-10.7123420178314,14.9137848386435
15-Mar-2026 10:40:22,42.3618843143886,-71.0917571345142,11,42.3601,-71.0942,101,2100,-53.8229131666007,-9.36521304742661,15.983200956406
15-Mar-2026 10:40:24,42.3619584719584,-71.0917229191066,11,42.3601,-71.0942,101,2100,-53.4181573679056,-11.5229920232096,10.9737825110315
15-Mar-2026 10:40:26,42.362006779445,-71.091788881743,11,42.3601,-71.0942,101,2100,-53.2039080566045,-9.89036535359958,13.5103111428108
15-Mar-2026 10:40:28,42.3621044116918,-71.0917803409266,11,42.3601,-71.0942,101,2100,-57.761820102917,-10.2497239918738,16.6020199315973
15-Mar-2026 10:40:30,42.3621599545048,-71.0917595653948,11,42.3601,-71.0942,101,2100,-57.8194541139885,-10.1463257555947,13.5745793798804
15-Mar-2026 10:40:32,42.3622358745012,-71.0917562052446,11,42.3601,-71.0942,101,2100,-57.3495302799964,-10.0156917251007,12.8548656393796
15-Mar-2026 10:40:34,42.3623038554721,-71.0917621457975,11,42.3601,-71.0942,101,2100,-59.1466851684958,-11.5341400597567,15.4751175846656
15-Mar-2026 10:40:36,42.362409764505,-71.0917793345596,11,42.3601,-71.0942,101,2100,-56.7625643924351,-10.5344897561605,12.2841585042695
15-Mar-2026 10:40:38,42.3624655120249,-71.0917513893342,11,42.3601,-71.0942,101,2100,-58.9644794044323,-10.6987863125589,13.0358933341786
15-Mar-2026 10:40:40,42.3625238737143,-71.0917166890913,11,42.3601,-71.0942,101,2100,-59.2811573912513,-9.94190335311847,12.4205615278332
15-Mar-2026 10:40:42,42.3626060647131,-71.0917797261742,11,42.3601,-71.0942,101,2100,-59.0251145703405,-11.3545049283169,12.4775647036985
15-Mar-2026 10:40:44,42.3626696211298,-71.0917599269656,11,42.3601,-71.0942,101,2100,-62.0856518565387,-10.3197930335768,10.5589071240397
15-Mar-2026 10:40:46,42.3627530169602,-71.0917744313073,11,42.3601,-71.0942,101,2100,-61.5021175990109,-10.574959273816,12.2802602526491
15-Mar-2026 10:40:48,42.3627991465317,-71.0917786333666,11,42.3601,-71.0942,101,2100,-62.4206155395291,-12.83344752067,12.9968411610455
15-Mar-2026 10:40:50,42.3629012711702,-71.0917623805041,11,42.3601,-71.0942,101,2100,-61.6178483538606,-11.0852811747622,8.16910045873746
15-Mar-2026 10:40:52,42.3629555244514,-71.091760134032,11,42.3601,-71.0942,101,2100,-62.6426053800672,-10.7516528033605,7.95976335371192
15-Mar-2026 10:40:54,42.363053805231,-71.0917149712993,11,42.3601,-71.0942,101,2100,-63.3448314653204,-11.5237594459126,7.88926312901112
15-Mar-2026 10:40:56,42.3631226721371,-71.0917607549385,11,42.3601,-71.0942,101,2100,-61.7472572420746,-10.3796465564975,9.52076968141244
15-Mar-2026 10:40:58,42.3631446415834,-71.0917731296011,11,42.3601,-71.0942,101,2100,-62.2592866668945,-10.9614448681865,12.0117395733969
15-Mar-2026 10:41:00,42.3632380621657,-71.0917826073521,11,42.3601,-71.0942,101,2100,-64.9759080795121,-10.9037039065452,8.74312952356234
15-Mar-2026 10:41:02,42.3633083489449,-71.0918077133609,11,42.3601,-71.0942,101,2100,-63.433348575429,-10.1191008617293,7.47635854088582
15-Mar-2026 10:41:04,42.3633933398211,-71.091764446212,11,42.3601,-71.0942,101,2100,-62.7582639695078,-11.7302993837166,10.9825733081961
15-Mar-2026 10:41:06,42.3634422436422,-71.0917308552288,11,42.3601,-71.0942,101,2100,-63.9058257116805,-10.9006378115718,10.6007363819154
15-Mar-2026 10:41:08,42.3635234291956,-71.0917617833161,11,42.3601,-71.0942,101,2100,-60.5393810824952,-11.7443731859512,10.0894069687417
15-Mar-2026 10:41:10,42.3636115747217,-71.0917715258056,11,42.3601,-71.0942,101,2100,-61.1151671978034,-12.5226765119361,5.21324779717681
15-Mar-2026 10:41:12,42.363672688036,-71.0917583673465,11,42.3601,-71.0942,101,2100,-60.907165362021,-14.0876380205968,7.49677518822249
15-Mar-2026 10:41:14,42.3637508840602,-71.0917672174544,11,42.3601,-71.0942,101,2100,-62.5129372945024,-11.1872811126904,10.6108518856325
15-Mar-2026 10:41:16,42.363802908751,-71.0917221260575,11,42.3601,-71.0942,101,2100,-58.4997018868948,-11.6378386829682,7.9594314209495
15-Mar-2026 10:41:18,42.3638777073029,-71.0917818390245,11,42.3601,-71.0942,101,2100,-61.2866964946646,-12.0929989479652,8.89037510477049
15-Mar-2026 10:41:20,42.363949776754,-71.0917751891065,11,42.3601,-71.0942,101,2100,-59.7006611958229,-9.73974127512079,7.47546310732267
15-Mar-2026 10:41:22,42.3640727202117,-71.091756982352,11,42.3601,-71.0942,101,2100,-56.1202261832327,-11.7383342698359,11.0869948979577
15-Mar-2026 10:41:24,42.3640991351412,-71.0917659550448,11,42.3601,-71.0942,101,2100,-58.5269819978448,-12.3167036452019,3.16627773931007
15-Mar-2026 10:41:26,42.3560600550284,-71.0899332366427,12,42.3601,-71.0942,101,2100,-67.1539107601652,-11.4877389091677,6.58514012355263
15-Mar-2026 10:41:28,42.3561169572933,-71.0899742670382,12,42.3601,-71.0942,101,2100,-67.9422600264888,-11.7179350131261,4.74788286132675
15-Mar-2026 10:41:30,42.3562178730166,-71.0899213109531,12,42.3601,-71.0942,101,2100,-66.2436641363282,-12.2238411046219,3.54949596662478
15-Mar-2026 10:41:32,42.3562451647385,-71.0899446423706,12,42.3601,-71.0942,101,2100,-68.7661942047871,-11.1626357566593,3.31004380622934
15-Mar-2026 10:41:34,42.3563256445293,-71.0899400736655,12,42.3601,-71.0942,101,2100,-65.7133111738294,-12.8079226889675,5.26371285757419
15-Mar-2026 10:41:36,42.3564014912473,-71.0899343620339,12,42.3601,-71.0942,101,2100,-66.3793880723992,-12.2493958162082,6.17304174562157
15-Mar-2026 10:41:38,42.3564968038378,-71.0899150691974,12,42.3601,-71.0942,101,2100,-65.551837546511,-11.2120757346053,6.00090363947692
15-Mar-2026 10:41:40,42.3565603575677,-71.0899428219519,12,42.3601,-71.0942,101,2100,-65.659426823114,-11.9098759025044,5.9445145103602
15-Mar-2026 10:41:42,42.3566441440704,-71.0899552349885,12,42.3601,-71.0942,101,2100,-62.1311780220656,-11.3725281475213,5.07119709727055
15-Mar-2026 10:41:44,42.3567126742004,-71.0899688344669,12,42.3601,-71.0942,101,2100,-65.2826307870145,-12.3806601716457,9.40564137558674
15-Mar-2026 10:41:46,42.3567938101339,-71.0898775693223,12,42.3601,-71.0942,101,2100,-62.3818370071042,-12.7070327654787,7.82253498736609
15-Mar-2026 10:41:48,42.356817261696,-71.0899330578145,12,42.3601,-71.0942,101,2100,-61.4133673710639,-11.7867592254435,6.32477394788572
15-Mar-2026 10:41:50,42.356900993207,-71.0899380502074,12,42.3601,-71.0942,101,2100,-62.4925779333732,-11.4530853209032,5.20932886188207
15-Mar-2026 10:41:52,42.356982303727,-71.0899160807969,12,42.3601,-71.0942,101,2100,-61.3761891701535,-12.4727450168634,2.78371024606312
15-Mar-2026 10:41:54,42.3570774758447,-71.0899387107554,12,42.3601,-71.0942,101,2100,-59.7277825600585,-12.4004731535299,6.99155157011856
15-Mar-2026 10:41:56,42.3571240648348,-71.0899095869845,12,42.3601,-71.0942,101,2100,-59.4615615049745,-11.5896168377267,8.52390715346482
15-Mar-2026 10:41:58,42.3571930198129,-71.0899194112269,12,42.3601,-71.0942,101,2100,-56.9313031956037,-10.9841430167896,6.86099688920708
15-Mar-2026 10:42:00,42.3572936549262,-71.0899726596646,12,42.3601,-71.0942,101,2100,-58.4081025452015,-13.2961587627835,9.46429249539015
15-Mar-2026 10:42:02,42.3573410343811,-71.0899456017861,12,42.3601,-71.0942,101,2100,-55.476962821266,-10.9435991243178,5.41028397429299
15-Mar-2026 10:42:04,42.3574413815102,-71.0899541277038,12,42.3601,-71.0942,101,2100,-56.0478035725662,-10.93455605606,6.08120040636857
15-Mar-2026 10:42:06,42.3574826009897,-71.089966884556,12,42.3601,-71.0942,101,2100,-57.5634149527739,-11.8683468909897,5.07972342292959
15-Mar-2026 10:42:08,42.3575374788528,-71.0899261930623,12,42.3601,-71.0942,101,2100,-55.0501075698082,-12.2614140454261,5.93533034833491
15-Mar-2026 10:42:10,42.3576239841495,-71.089951718926,12,42.3601,-71.0942,101,2100,-55.3705516087488,-11.4571888948331,7.01530337141334
15-Mar-2026 10:42:12,42.3576910964992,-71.0899683918365,12,42.3601,-71.0942,101,2100,-54.9646810186007,-11.96571803604,7.76396728843424
15-Mar-2026 10:42:14,42.35776803977,-71.0899486651575,12,42.3601,-71.0942,101,2100,-53.5939692621315,-11.1527749023873,11.212297695695
15-Mar-2026 10:42:16,42.3578424476102,-71.0899416818477,12,42.3601,-71.0942,101,2100,-54.9917841617633,-12.2485254450861,9.27354172563976
15-Mar-2026 10:42:18,42.3579261310394,-71.0899296041488,12,42.3601,-71.0942,101,2100,-54.700755177036,-11.9292653958332,5.15884113971046
15-Mar-2026 10:42:20,42.3579881154243,-71.0899343947155,12,42.3601,-71.0942,101,2100,-51.6661670718197,-11.2923332142356,12.8039853862674
15-Mar-2026 10:42:22,42.3580547476653,-71.0899823890496,12,42.3601,-71.0942,101,2100,-53.1063763550031,-11.5439677026311,12.6860423071496
15-Mar-2026 10:42:24,42.3581369006885,-71.0899244636938,12,42.3601,-71.0942,101,2100,-53.7911708257981,-10.9230080730059,8.23311680173737
15-Mar-2026 10:42:26,42.3582126967399,-71.0899677348287,12,42.3601,-71.0942,101,2100,-54.6017290596192,-9.3950405419696,12.3528802087591
15-Mar-2026 10:42:28,42.3582767544331,-71.0899420532004,12,42.3601,-71.0942,101,2100,-53.0596571037832,-10.2449817692312,11.4518795760781
15-Mar-2026 10:42:30,42.3583577305537,-71.0899352947202,12,42.3601,-71.0942,101,2100,-53.4195915195795,-11.158667705268,8.16919918409027
15-Mar-2026 10:42:32,42.3584245220122,-71.0899248570141,12,42.3601,-71.0942,101,2100,-55.7791198060263,-12.1289305862183,11.5589722281444
15-Mar-2026 10:42:34,42.3585017417716,-71.0899319657976,12,42.3601,-71.0942,101,2100,-55.1054998160494,-10.8001954740212,10.9662473381669
15-Mar-2026 10:42:36,42.3585722507177,-71.0899709016251,12,42.3601,-71.0942,101,2100,-55.1590584548142,-10.7669674869156,8.98302476534217
15-Mar-2026 10:42:38,42.3586337091468,-71.0899358056038,12,42.3601,-71.0942,101,2100,-56.6740523959578,-10.653372181466,8.64705555110064
15-Mar-2026 10:42:40,42.358698536278,-71.0899229584227,12,42.3601,-71.0942,101,2100,-54.6592315064471,-10.9767604325184,8.54114094767758
15-Mar-2026 10:42:42,42.3587738302037,-71.0899405085156,12,42.3601,-71.0942,101,2100,-55.0428073838174,-11.5135212599053,9.35330633561426
15-Mar-2026 10:42:44,42.3588475113787,-71.0899347724195,12,42.3601,-71.0942,101,2100,-59.6068051023921,-10.4254013539462,9.83433570930391
15-Mar-2026 10:42:46,42.3589280610333,-71.0899255554708,12,42.3601,-71.0942,101,2100,-59.1556238556316,-9.7472893944932,12.7946457394396
15-Mar-2026 10:42:48,42.3590358665026,-71.0899760121701,12,42.3601,-71.0942,101,2100,-61.4416513500195,-12.7480306893149,12.2796569246113
15-Mar-2026 10:42:50,42.3590638745326,-71.0899347984896,12,42.3601,-71.0942,101,2100,-58.6229346638515,-12.7832394144722,12.2583454896575
15-Mar-2026 10:42:52,42.3591483748254,-71.0899334327953,12,42.3601,-71.0942,101,2100,-59.9128661385347,-11.7139246137927,11.1195352717513
15-Mar-2026 10:42:54,42.359248620925,-71.0899304752767,12,42.3601,-71.0942,101,2100,-61.5743765649058,-11.0666278781453,11.2728050789988
15-Mar-2026 10:42:56,42.3592867431575,-71.0899266056352,12,42.3601,-71.0942,101,2100,-61.6065385332032,-12.5302514178622,10.995177794246
15-Mar-2026 10:42:58,42.3593331730814,-71.0899377276466,12,42.3601,-71.0942,101,2100,-60.8907837346127,-9.52158541598014,8.11866128036605
15-Mar-2026 10:43:00,42.3594173780866,-71.0899509018559,12,42.3601,-71.0942,101,2100,-63.5729242905847,-12.0052743059982,9.20986813649423
15-Mar-2026 10:43:02,42.359504354449,-71.0899180982179,12,42.3601,-71.0942,101,2100,-65.1064091010414,-10.5708556142294,12.306085188301
15-Mar-2026 10:43:04,42.3595680014188,-71.0899197406085,12,42.3601,-71.0942,101,2100,-63.0316120808759,-12.3404318976285,11.373288581613
15-Mar-2026 10:43:06,42.3596499161028,-71.0899448423469,12,42.3601,-71.0942,101,2100,-66.0835397215996,-11.4026766883262,11.1319479577357
15-Mar-2026 10:43:08,42.3597135135674,-71.0899135124194,12,42.3601,-71.0942,101,2100,-65.4391604504486,-9.99716941851014,10.403532434632
15-Mar-2026 10:43:10,42.3597965275335,-71.0899277132884,12,42.3601,-71.0942,101,2100,-64.2343009586873,-11.3394935610095,11.6794527657019
15-Mar-2026 10:43:12,42.3598813361682,-71.0899658377087,12,42.3601,-71.0942,101,2100,-65.1431978787144,-9.81024004729477,9.6298233024877
15-Mar-2026 10:43:14,42.3599420211998,-71.0899528253563,12,42.3601,-71.0942,101,2100,-65.9794724857485,-10.6184512365876,13.7094400544521
15-Mar-2026 10:43:16,42.3600003822579,-71.0899331667253,12,42.3601,-71.0942,101,2100,-66.7916794863879,-11.7500785747184,8.77503843782301
15-Mar-2026 10:43:18,42.3600847281852,-71.0899560236174,12,42.3601,-71.0942,101,2100,-64.1122820336415,-11.7559629992394,11.0616888502654
15-Mar-2026 10:43:20,42.3601645951151,-71.0899702170568,12,42.3601,-71.0942,101,2100,-68.9368304047525,-10.5712452008597,12.3852194342667
15-Mar-2026 10:43:22,42.3602315081835,-71.0899411102135,12,42.3601,-71.0942,101,2100,-66.1049011378131,-10.9155995792073,8.61852550785231
15-Mar-2026 10:43:24,42.3602931341789,-71.0899464126226,12,42.3601,-71.0942,101,2100,-65.7984985865821,-11.6610804678518,9.2854956816019
15-Mar-2026 10:43:26,42.3603648736688,-71.0899286704771,12,42.3601,-71.0942,101,2100,-66.6032437345225,-10.952418630819,13.3457200825562
15-Mar-2026 10:43:28,42.3604438184031,-71.0899536185115,12,42.3601,-71.0942,101,2100,-64.9077384892439,-10.631092401122,13.0841241966163
15-Mar-2026 10:43:30,42.3605313453395,-71.0899495043948,12,42.3601,-71.0942,101,2100,-66.6856346217062,-10.2091470128346,14.4585105781565
15-Mar-2026 10:43:32,42.3605975666918,-71.0899531974616,12,42.3601,-71.0942,101,2100,-63.0196103519597,-9.72202121686147,11.6302427316172
15-Mar-2026 10:43:34,42.3606658299048,-71.0899649529062,12,42.3601,-71.0942,101,2100,-66.013130192058,-11.0895482979871,9.52840127958347
15-Mar-2026 10:43:36,42.3607345248864,-71.0899208394546,12,42.3601,-71.0942,101,2100,-64.9876253587278,-11.8375723926551,14.1378626936459
15-Mar-2026 10:43:38,42.36081893022,-71.0899025653561,12,42.3601,-71.0942,101,2100,-64.9496878999987,-10.1560220174655,11.6895420075834
15-Mar-2026 10:43:40,42.3608721454261,-71.0899252628732,12,42.3601,-71.0942,101,2100,-62.9758494660492,-9.63385440312917,10.6617890108034
15-Mar-2026 10:43:42,42.36093303371,-71.0899213144682,12,42.3601,-71.0942,101,2100,-60.6449281045938,-12.0271642869363,13.1588011294099
15-Mar-2026 10:43:44,42.3610229301125,-71.089967056988,12,42.3601,-71.0942,101,2100,-60.9090662323599,-11.4181154651285,6.77507017017777
15-Mar-2026 10:43:46,42.3610924100177,-71.0899417973343,12,42.3601,-71.0942,101,2100,-57.7907793510082,-12.4243506535806,13.8443789434387
15-Mar-2026 10:43:48,42.3611486245748,-71.0899227328407,12,42.3601,-71.0942,101,2100,-57.9079645033618,-10.7420671934302,10.164332761869
15-Mar-2026 10:43:50,42.3612159339454,-71.0899300897056,12,42.3601,-71.0942,101,2100,-58.0419671230296,-11.9237794994989,8.78854299010978
15-Mar-2026 10:43:52,42.3612921149223,-71.0899238172014,12,42.3601,-71.0942,101,2100,-60.4296699169381,-9.95121951632554,7.87576555327142
15-Mar-2026 10:43:54,42.3613670486234,-71.0899571061143,12,42.3601,-71.0942,101,2100,-56.7892422628868,-9.56239481163521,11.2386164312759
15-Mar-2026 10:43:56,42.3614245041081,-71.0899445859916,12,42.3601,-71.0942,101,2100,-57.2951641505353,-11.0896511574723,11.226373688736
15-Mar-2026 10:43:58,42.3615237081683,-71.0899158895847,12,42.3601,-71.0942,101,2100,-52.0500081942837,-11.8789498848212,11.8060258552833
15-Mar-2026 10:44:00,42.3616017615919,-71.089948120557,12,42.3601,-71.0942,101,2100,-56.5487294601882,-10.5381352222962,12.2517255593659
15-Mar-2026 10:44:02,42.361675756313,-71.0899217658514,12,42.3601,-71.0942,101,2100,-55.6196209608513,-10.6462238927574,6.8100671850455
15-Mar-2026 10:44:04,42.3617283972647,-71.0899314882883,12,42.3601,-71.0942,101,2100,-52.3927788672756,-10.2380966909506,9.0891776293572
15-Mar-2026 10:44:06,42.3617842032344,-71.0899303548607,12,42.3601,-71.0942,101,2100,-50.5832811427764,-10.8290040138566,6.98118202140729
15-Mar-2026 10:44:08,42.3618962147832,-71.0899568584342,12,42.3601,-71.0942,101,2100,-52.4006376862269,-10.8248673364658,6.44781057222612
15-Mar-2026 10:44:10,42.3619524578033,-71.0899096346113,12,42.3601,-71.0942,101,2100,-53.2817670285803,-12.1645572781147,11.6439965671234
15-Mar-2026 10:44:12,42.362037578267,-71.0899348543298,12,42.3601,-71.0942,101,2100,-51.0412132316975,-10.3377376303794,9.06424819625338
15-Mar-2026 10:44:14,42.3620993135061,-71.0899291378584,12,42.3601,-71.0942,101,2100,-54.513226178614,-12.2727445227177,8.56655390080928
15-Mar-2026 10:44:16,42.3621669829025,-71.0899298045319,12,42.3601,-71.0942,101,2100,-54.2672345842237,-11.1013695870808,9.27021238486671
15-Mar-2026 10:44:18,42.3622533523854,-71.0899289236597,12,42.3601,-71.0942,101,2100,-54.4277099503353,-10.7796900285636,9.37920492495022
15-Mar-2026 10:44:20,42.362310501008,-71.0899452006694,12,42.3601,-71.0942,101,2100,-50.2903516794146,-11.0246679763748,7.51345810042411
15-Mar-2026 10:44:22,42.362381409256,-71.0899351751122,12,42.3601,-71.0942,101,2100,-54.6990971971764,-12.5400491845115,11.5451224974825
15-Mar-2026 10:44:24,42.3624493287893,-71.0899552692864,12,42.3601,-71.0942,101,2100,-54.8841449160343,-11.2705348444991,8.89195462082007
15-Mar-2026 10:44:26,42.3625226525649,-71.0899422753307,12,42.3601,-71.0942,101,2100,-52.4688313641951,-12.3263763463182,7.12377191176009
15-Mar-2026 10:44:28,42.3625928417173,-71.0899588443668,12,42.3601,-71.0942,101,2100,-54.4658889615653,-11.3647484000122,8.27817203051716
15-Mar-2026 10:44:30,42.3626655502686,-71.0899311220491,12,42.3601,-71.0942,101,2100,-57.7570532465174,-11.2110053797499,9.63206374217623
15-Mar-2026 10:44:32,42.3627447800117,-71.0899253192062,12,42.3601,-71.0942,101,2100,-53.6369156463881,-11.6742107333019,6.54176632202
15-Mar-2026 10:44:34,42.362810732659,-71.0899433950013,12,42.3601,-71.0942,101,2100,-58.1189950553005,-12.0117485665,8.73520606839798
15-Mar-2026 10:44:36,42.3628882905769,-71.0899621668872,12,42.3601,-71.0942,101,2100,-56.775316121403,-11.2241998938082,9.52161498888302
15-Mar-2026 10:44:38,42.3629513361185,-71.0899462223142,12,42.3601,-71.0942,101,2100,-56.3233922400469,-12.9096276197307,8.49143935700027
15-Mar-2026 10:44:40,42.3630072336728,-71.0899343155076,12,42.3601,-71.0942,101,2100,-57.8380170755505,-12.9489006152217,1.97743052753286
15-Mar-2026 10:44:42,42.363104999372,-71.0899403321751,12,42.3601,-71.0942,101,2100,-57.162165645659,-11.8965006462197,7.67503164673328
15-Mar-2026 10:44:44,42.3631755292491,-71.0899251822323,12,42.3601,-71.0942,101,2100,-58.0729958331961,-12.300680989731,9.93793226154432
15-Mar-2026 10:44:46,42.3632597729938,-71.0899419403369,12,42.3601,-71.0942,101,2100,-63.6421303565442,-12.3450728428375,8.07698198511895
15-Mar-2026 10:44:48,42.3633370445067,-71.0899443181143,12,42.3601,-71.0942,101,2100,-63.6920414411481,-12.3113755150331,7.47418572420316
15-Mar-2026 10:44:50,42.3633764918201,-71.0899474846973,12,42.3601,-71.0942,101,2100,-63.0760681742947,-11.5289264738921,4.62460485979075
15-Mar-2026 10:44:52,42.36346670803,-71.0899576709247,12,42.3601,-71.0942,101,2100,-63.0484999328265,-11.7571061974774,6.49580596837824
15-Mar-2026 10:44:54,42.3635182841849,-71.089950602761,12,42.3601,-71.0942,101,2100,-64.3925697990361,-11.8721191655299,6.11831315658809
15-Mar-2026 10:44:56,42.3635870930107,-71.0899308012003,12,42.3601,-71.0942,101,2100,-65.4092461119449,-12.7623949256844,3.72419389737566
15-Mar-2026 10:44:58,42.3636929641364,-71.0899161757733,12,42.3601,-71.0942,101,2100,-64.0555415021488,-11.6022641973172,4.12943414774058
15-Mar-2026 10:45:00,42.3637564919275,-71.08997132135,12,42.3601,-71.0942,101,2100,-63.750051256295,-11.5272663170281,5.14395003387341
15-Mar-2026 10:45:02,42.363822998503,-71.089961998487,12,42.3601,-71.0942,101,2100,-67.7428166780224,-12.5802412140419,7.38787239216382
15-Mar-2026 10:45:04,42.3638978698199,-71.0899272305516,12,42.3601,-71.0942,101,2100,-66.7556774320464,-11.7834811171464,1.37760987743015
15-Mar-2026 10:45:06,42.3639496247501,-71.0899483426478,12,42.3601,-71.0942,101,2100,-69.1141185827107,-11.9920491794578,4.74781760213235
15-Mar-2026 10:45:08,42.3640498967748,-71.0899469999239,12,42.3601,-71.0942,101,2100,-68.9474927141128,-11.8479001845828,8.19169782827823
15-Mar-2026 10:45:10,42.3641191723218,-71.0899186581846,12,42.3601,-71.0942,101,2100,-69.4696727366115,-11.7809524976118,5.71742713889245
